0.45,0.0,1388,6987,424,0.0607,0.3055
0.45,0.001,1388,6987,424,0.0607,0.3055
0.45,0.002,1388,6987,424,0.0607,0.3055
0.45,0.003,1388,6987,424,0.0607,0.3055
0.45,0.004,1388,6987,424,0.0607,0.3055
0.45,0.005,1388,6987,424,0.0607,0.3055
0.45,0.006,1388,6987,424,0.0607,0.3055
0.45,0.007,1388,6987,424,0.0607,0.3055
0.45,0.008,1388,6987,424,0.0607,0.3055
0.45,0.009,1388,6987,424,0.0607,0.3055
0.45,0.01,1388,6987,424,0.0607,0.3055
0.45,0.011,1388,6987,424,0.0607,0.3055
0.45,0.012,1388,6987,424,0.0607,0.3055
0.45,0.013,1388,6987,424,0.0607,0.3055
0.45,0.014,1388,6987,424,0.0607,0.3055
0.45,0.015,1388,6987,424,0.0607,0.3055
0.45,0.016,1388,6987,424,0.0607,0.3055
0.45,0.017,1388,6987,424,0.0607,0.3055
0.45,0.018,1388,6987,424,0.0607,0.3055
0.45,0.019,1388,6987,424,0.0607,0.3055
0.45,0.02,1388,6987,424,0.0607,0.3055
0.45,0.021,1388,6987,424,0.0607,0.3055
0.45,0.022,1388,6987,424,0.0607,0.3055
0.45,0.023,1388,6987,424,0.0607,0.3055
0.45,0.024,1388,6987,424,0.0607,0.3055
0.45,0.025,1388,6987,424,0.0607,0.3055
0.45,0.026,1388,6987,424,0.0607,0.3055
0.45,0.027,1388,6987,424,0.0607,0.3055
0.45,0.028,1388,6987,424,0.0607,0.3055
0.45,0.029,1388,6987,424,0.0607,0.3055
0.45,0.03,1388,6987,424,0.0607,0.3055
0.45,0.031,1388,6987,424,0.0607,0.3055
0.45,0.032,1388,6987,424,0.0607,0.3055
0.45,0.033,1388,6987,424,0.0607,0.3055
0.45,0.034,1388,6987,424,0.0607,0.3055
0.45,0.035,1388,6987,424,0.0607,0.3055
0.45,0.036,1388,6987,424,0.0607,0.3055
0.45,0.037,1388,6987,424,0.0607,0.3055
0.45,0.038,1388,6987,424,0.0607,0.3055
0.45,0.039,1388,6987,424,0.0607,0.3055
0.45,0.04,1388,6987,421,0.0603,0.3033
0.45,0.041,1388,6987,421,0.0603,0.3033
0.45,0.042,1388,6987,421,0.0603,0.3033
0.45,0.043,1388,6987,421,0.0603,0.3033
0.45,0.044,1388,6987,421,0.0603,0.3033
0.45,0.045,1388,6987,421,0.0603,0.3033
0.45,0.046,1388,6987,421,0.0603,0.3033
0.45,0.047,1388,6987,421,0.0603,0.3033
0.45,0.048,1388,6987,421,0.0603,0.3033
0.45,0.049,1388,6987,421,0.0603,0.3033
0.45,0.05,1388,6987,418,0.0598,0.3012
0.45,0.051,1388,6987,418,0.0598,0.3012
0.45,0.052,1388,6987,418,0.0598,0.3012
0.45,0.053,1388,6987,418,0.0598,0.3012
0.45,0.054,1388,6987,418,0.0598,0.3012
0.45,0.055,1388,6987,418,0.0598,0.3012
0.45,0.056,1388,6987,418,0.0598,0.3012
0.45,0.057,1388,6987,418,0.0598,0.3012
0.45,0.058,1388,6987,418,0.0598,0.3012
0.45,0.059,1388,6987,418,0.0598,0.3012
0.45,0.06,1388,6987,418,0.0598,0.3012
0.45,0.061,1388,6987,418,0.0598,0.3012
0.45,0.062,1388,6987,418,0.0598,0.3012
0.45,0.063,1388,6987,418,0.0598,0.3012
0.45,0.064,1388,6987,418,0.0598,0.3012
0.45,0.065,1388,6987,418,0.0598,0.3012
0.45,0.066,1388,6987,418,0.0598,0.3012
0.45,0.067,1388,6987,418,0.0598,0.3012
0.45,0.068,1388,6987,418,0.0598,0.3012
0.45,0.069,1388,6987,418,0.0598,0.3012
0.45,0.07,1388,6987,418,0.0598,0.3012
0.45,0.071,1388,6987,418,0.0598,0.3012
0.45,0.072,1388,6987,418,0.0598,0.3012
0.45,0.073,1388,6987,418,0.0598,0.3012
0.45,0.074,1388,6987,418,0.0598,0.3012
0.45,0.075,1388,6987,418,0.0598,0.3012
0.45,0.076,1388,6987,418,0.0598,0.3012
0.45,0.077,1388,6987,418,0.0598,0.3012
0.45,0.078,1388,6987,418,0.0598,0.3012
0.45,0.079,1388,6987,418,0.0598,0.3012
0.45,0.08,1388,6987,418,0.0598,0.3012
0.45,0.081,1388,6987,418,0.0598,0.3012
0.45,0.082,1388,6987,418,0.0598,0.3012
0.45,0.083,1388,6987,418,0.0598,0.3012
0.45,0.084,1388,6987,418,0.0598,0.3012
0.45,0.085,1388,6987,418,0.0598,0.3012
0.45,0.086,1388,6987,418,0.0598,0.3012
0.45,0.087,1388,6987,418,0.0598,0.3012
0.45,0.088,1388,6987,418,0.0598,0.3012
0.45,0.089,1388,6987,418,0.0598,0.3012
0.45,0.09,1388,6987,418,0.0598,0.3012
0.45,0.091,1388,6987,418,0.0598,0.3012
0.45,0.092,1388,6987,418,0.0598,0.3012
0.45,0.093,1388,6987,418,0.0598,0.3012
0.45,0.094,1388,6987,418,0.0598,0.3012
0.45,0.095,1388,6987,418,0.0598,0.3012
0.45,0.096,1388,6987,418,0.0598,0.3012
0.45,0.097,1388,6987,418,0.0598,0.3012
0.45,0.098,1388,6987,418,0.0598,0.3012
0.45,0.099,1388,6987,418,0.0598,0.3012
0.45,0.1,1388,6987,418,0.0598,0.3012
0.45,0.101,1388,6987,418,0.0598,0.3012
0.45,0.102,1388,6987,418,0.0598,0.3012
0.45,0.103,1388,6987,418,0.0598,0.3012
0.45,0.104,1388,6987,418,0.0598,0.3012
0.45,0.105,1388,6987,418,0.0598,0.3012
0.45,0.106,1388,6987,418,0.0598,0.3012
0.45,0.107,1388,6987,418,0.0598,0.3012
0.45,0.108,1388,6987,418,0.0598,0.3012
0.45,0.109,1388,6987,418,0.0598,0.3012
0.45,0.11,1388,6987,416,0.0595,0.2997
0.45,0.111,1388,6987,416,0.0595,0.2997
0.45,0.112,1388,6987,416,0.0595,0.2997
0.45,0.113,1388,6987,416,0.0595,0.2997
0.45,0.114,1388,6987,416,0.0595,0.2997
0.45,0.115,1388,6987,416,0.0595,0.2997
0.45,0.116,1388,6987,416,0.0595,0.2997
0.45,0.117,1388,6987,416,0.0595,0.2997
0.45,0.118,1388,6987,416,0.0595,0.2997
0.45,0.119,1388,6987,416,0.0595,0.2997
0.45,0.12,1388,6987,411,0.0588,0.2961
0.45,0.121,1388,6987,411,0.0588,0.2961
0.45,0.122,1388,6987,411,0.0588,0.2961
0.45,0.123,1388,6987,411,0.0588,0.2961
0.45,0.124,1388,6987,411,0.0588,0.2961
0.45,0.125,1388,6987,411,0.0588,0.2961
0.45,0.126,1388,6987,411,0.0588,0.2961
0.45,0.127,1388,6987,411,0.0588,0.2961
0.45,0.128,1388,6987,411,0.0588,0.2961
0.45,0.129,1388,6987,411,0.0588,0.2961
0.45,0.13,1388,6987,409,0.0585,0.2947
0.45,0.131,1388,6987,409,0.0585,0.2947
0.45,0.132,1388,6987,409,0.0585,0.2947
0.45,0.133,1388,6987,409,0.0585,0.2947
0.45,0.134,1388,6987,409,0.0585,0.2947
0.45,0.135,1388,6987,409,0.0585,0.2947
0.45,0.136,1388,6987,409,0.0585,0.2947
0.45,0.137,1388,6987,409,0.0585,0.2947
0.45,0.138,1388,6987,409,0.0585,0.2947
0.45,0.139,1388,6987,409,0.0585,0.2947
0.45,0.14,1388,6987,408,0.0584,0.2939
0.45,0.141,1388,6987,408,0.0584,0.2939
0.45,0.142,1388,6987,408,0.0584,0.2939
0.45,0.143,1388,6987,408,0.0584,0.2939
0.45,0.144,1388,6987,408,0.0584,0.2939
0.45,0.145,1388,6987,408,0.0584,0.2939
0.45,0.146,1388,6987,408,0.0584,0.2939
0.45,0.147,1388,6987,408,0.0584,0.2939
0.45,0.148,1388,6987,408,0.0584,0.2939
0.45,0.149,1388,6987,408,0.0584,0.2939
0.45,0.15,1388,6987,403,0.0577,0.2903
0.45,0.151,1388,6987,403,0.0577,0.2903
0.45,0.152,1388,6987,403,0.0577,0.2903
0.45,0.153,1388,6987,403,0.0577,0.2903
0.45,0.154,1388,6987,403,0.0577,0.2903
0.45,0.155,1388,6987,403,0.0577,0.2903
0.45,0.156,1388,6987,403,0.0577,0.2903
0.45,0.157,1388,6987,403,0.0577,0.2903
0.45,0.158,1388,6987,403,0.0577,0.2903
0.45,0.159,1388,6987,403,0.0577,0.2903
0.45,0.16,1388,6987,401,0.0574,0.2889
0.45,0.161,1388,6987,401,0.0574,0.2889
0.45,0.162,1388,6987,401,0.0574,0.2889
0.45,0.163,1388,6987,401,0.0574,0.2889
0.45,0.164,1388,6987,401,0.0574,0.2889
0.45,0.165,1388,6987,401,0.0574,0.2889
0.45,0.166,1388,6987,401,0.0574,0.2889
0.45,0.167,1388,6987,401,0.0574,0.2889
0.45,0.168,1388,6987,401,0.0574,0.2889
0.45,0.169,1388,6987,401,0.0574,0.2889
0.45,0.17,1388,6987,398,0.0570,0.2867
0.45,0.171,1388,6987,398,0.0570,0.2867
0.45,0.172,1388,6987,398,0.0570,0.2867
0.45,0.173,1388,6987,398,0.0570,0.2867
0.45,0.174,1388,6987,398,0.0570,0.2867
0.45,0.175,1388,6987,398,0.0570,0.2867
0.45,0.176,1388,6987,398,0.0570,0.2867
0.45,0.177,1388,6987,398,0.0570,0.2867
0.45,0.178,1388,6987,398,0.0570,0.2867
0.45,0.179,1388,6987,398,0.0570,0.2867
0.45,0.18,1388,6987,393,0.0562,0.2831
0.45,0.181,1388,6987,393,0.0562,0.2831
0.45,0.182,1388,6987,393,0.0562,0.2831
0.45,0.183,1388,6987,393,0.0562,0.2831
0.45,0.184,1388,6987,393,0.0562,0.2831
0.45,0.185,1388,6987,393,0.0562,0.2831
0.45,0.186,1388,6987,393,0.0562,0.2831
0.45,0.187,1388,6987,393,0.0562,0.2831
0.45,0.188,1388,6987,393,0.0562,0.2831
0.45,0.189,1388,6987,393,0.0562,0.2831
0.45,0.19,1388,6987,391,0.0560,0.2817
0.45,0.191,1388,6987,391,0.0560,0.2817
0.45,0.192,1388,6987,391,0.0560,0.2817
0.45,0.193,1388,6987,391,0.0560,0.2817
0.45,0.194,1388,6987,391,0.0560,0.2817
0.45,0.195,1388,6987,391,0.0560,0.2817
0.45,0.196,1388,6987,391,0.0560,0.2817
0.45,0.197,1388,6987,391,0.0560,0.2817
0.45,0.198,1388,6987,391,0.0560,0.2817
0.45,0.199,1388,6987,391,0.0560,0.2817
0.45,0.2,1388,6987,387,0.0554,0.2788
0.45,0.201,1388,6987,387,0.0554,0.2788
0.45,0.202,1388,6987,387,0.0554,0.2788
0.45,0.203,1388,6987,387,0.0554,0.2788
0.45,0.204,1388,6987,387,0.0554,0.2788
0.45,0.205,1388,6987,387,0.0554,0.2788
0.45,0.206,1388,6987,387,0.0554,0.2788
0.45,0.207,1388,6987,387,0.0554,0.2788
0.45,0.208,1388,6987,387,0.0554,0.2788
0.45,0.209,1388,6987,387,0.0554,0.2788
0.45,0.21,1388,6987,377,0.0540,0.2716
0.45,0.211,1388,6987,377,0.0540,0.2716
0.45,0.212,1388,6987,377,0.0540,0.2716
0.45,0.213,1388,6987,377,0.0540,0.2716
0.45,0.214,1388,6987,377,0.0540,0.2716
0.45,0.215,1388,6987,377,0.0540,0.2716
0.45,0.216,1388,6987,377,0.0540,0.2716
0.45,0.217,1388,6987,377,0.0540,0.2716
0.45,0.218,1388,6987,377,0.0540,0.2716
0.45,0.219,1388,6987,377,0.0540,0.2716
0.45,0.22,1388,6987,369,0.0528,0.2659
0.45,0.221,1388,6987,369,0.0528,0.2659
0.45,0.222,1388,6987,369,0.0528,0.2659
0.45,0.223,1388,6987,369,0.0528,0.2659
0.45,0.224,1388,6987,369,0.0528,0.2659
0.45,0.225,1388,6987,369,0.0528,0.2659
0.45,0.226,1388,6987,369,0.0528,0.2659
0.45,0.227,1388,6987,369,0.0528,0.2659
0.45,0.228,1388,6987,369,0.0528,0.2659
0.45,0.229,1388,6987,369,0.0528,0.2659
0.45,0.23,1388,6987,363,0.0520,0.2615
0.45,0.231,1388,6987,363,0.0520,0.2615
0.45,0.232,1388,6987,363,0.0520,0.2615
0.45,0.233,1388,6987,363,0.0520,0.2615
0.45,0.234,1388,6987,363,0.0520,0.2615
0.45,0.235,1388,6987,363,0.0520,0.2615
0.45,0.236,1388,6987,363,0.0520,0.2615
0.45,0.237,1388,6987,363,0.0520,0.2615
0.45,0.238,1388,6987,363,0.0520,0.2615
0.45,0.239,1388,6987,363,0.0520,0.2615
0.45,0.24,1388,6987,357,0.0511,0.2572
0.45,0.241,1388,6987,357,0.0511,0.2572
0.45,0.242,1388,6987,357,0.0511,0.2572
0.45,0.243,1388,6987,357,0.0511,0.2572
0.45,0.244,1388,6987,357,0.0511,0.2572
0.45,0.245,1388,6987,357,0.0511,0.2572
0.45,0.246,1388,6987,357,0.0511,0.2572
0.45,0.247,1388,6987,357,0.0511,0.2572
0.45,0.248,1388,6987,357,0.0511,0.2572
0.45,0.249,1388,6987,357,0.0511,0.2572
0.45,0.25,1388,6987,336,0.0481,0.2421
0.45,0.251,1388,6987,336,0.0481,0.2421
0.45,0.252,1388,6987,336,0.0481,0.2421
0.45,0.253,1388,6987,336,0.0481,0.2421
0.45,0.254,1388,6987,336,0.0481,0.2421
0.45,0.255,1388,6987,336,0.0481,0.2421
0.45,0.256,1388,6987,336,0.0481,0.2421
0.45,0.257,1388,6987,336,0.0481,0.2421
0.45,0.258,1388,6987,336,0.0481,0.2421
0.45,0.259,1388,6987,336,0.0481,0.2421
0.45,0.26,1388,6987,328,0.0469,0.2363
0.45,0.261,1388,6987,328,0.0469,0.2363
0.45,0.262,1388,6987,328,0.0469,0.2363
0.45,0.263,1388,6987,328,0.0469,0.2363
0.45,0.264,1388,6987,328,0.0469,0.2363
0.45,0.265,1388,6987,328,0.0469,0.2363
0.45,0.266,1388,6987,328,0.0469,0.2363
0.45,0.267,1388,6987,328,0.0469,0.2363
0.45,0.268,1388,6987,328,0.0469,0.2363
0.45,0.269,1388,6987,328,0.0469,0.2363
0.45,0.27,1388,6987,314,0.0449,0.2262
0.45,0.271,1388,6987,314,0.0449,0.2262
0.45,0.272,1388,6987,314,0.0449,0.2262
0.45,0.273,1388,6987,314,0.0449,0.2262
0.45,0.274,1388,6987,314,0.0449,0.2262
0.45,0.275,1388,6987,314,0.0449,0.2262
0.45,0.276,1388,6987,314,0.0449,0.2262
0.45,0.277,1388,6987,314,0.0449,0.2262
0.45,0.278,1388,6987,314,0.0449,0.2262
0.45,0.279,1388,6987,314,0.0449,0.2262
0.45,0.28,1388,6987,305,0.0437,0.2197
0.45,0.281,1388,6987,305,0.0437,0.2197
0.45,0.282,1388,6987,305,0.0437,0.2197
0.45,0.283,1388,6987,305,0.0437,0.2197
0.45,0.284,1388,6987,305,0.0437,0.2197
0.45,0.285,1388,6987,305,0.0437,0.2197
0.45,0.286,1388,6987,305,0.0437,0.2197
0.45,0.287,1388,6987,305,0.0437,0.2197
0.45,0.288,1388,6987,305,0.0437,0.2197
0.45,0.289,1388,6987,305,0.0437,0.2197
0.45,0.29,1388,6987,290,0.0415,0.2089
0.45,0.291,1388,6987,290,0.0415,0.2089
0.45,0.292,1388,6987,290,0.0415,0.2089
0.45,0.293,1388,6987,290,0.0415,0.2089
0.45,0.294,1388,6987,290,0.0415,0.2089
0.45,0.295,1388,6987,290,0.0415,0.2089
0.45,0.296,1388,6987,290,0.0415,0.2089
0.45,0.297,1388,6987,290,0.0415,0.2089
0.45,0.298,1388,6987,290,0.0415,0.2089
0.45,0.299,1388,6987,290,0.0415,0.2089
0.45,0.3,1388,6987,279,0.0399,0.2010
0.45,0.301,1388,6987,279,0.0399,0.2010
0.45,0.302,1388,6987,279,0.0399,0.2010
0.45,0.303,1388,6987,279,0.0399,0.2010
0.45,0.304,1388,6987,279,0.0399,0.2010
0.45,0.305,1388,6987,279,0.0399,0.2010
0.45,0.306,1388,6987,279,0.0399,0.2010
0.45,0.307,1388,6987,279,0.0399,0.2010
0.45,0.308,1388,6987,279,0.0399,0.2010
0.45,0.309,1388,6987,279,0.0399,0.2010
0.45,0.31,1388,6987,274,0.0392,0.1974
0.45,0.311,1388,6987,274,0.0392,0.1974
0.45,0.312,1388,6987,274,0.0392,0.1974
0.45,0.313,1388,6987,274,0.0392,0.1974
0.45,0.314,1388,6987,274,0.0392,0.1974
0.45,0.315,1388,6987,274,0.0392,0.1974
0.45,0.316,1388,6987,274,0.0392,0.1974
0.45,0.317,1388,6987,274,0.0392,0.1974
0.45,0.318,1388,6987,274,0.0392,0.1974
0.45,0.319,1388,6987,274,0.0392,0.1974
0.45,0.32,1388,6987,265,0.0379,0.1909
0.45,0.321,1388,6987,265,0.0379,0.1909
0.45,0.322,1388,6987,265,0.0379,0.1909
0.45,0.323,1388,6987,265,0.0379,0.1909
0.45,0.324,1388,6987,265,0.0379,0.1909
0.45,0.325,1388,6987,265,0.0379,0.1909
0.45,0.326,1388,6987,265,0.0379,0.1909
0.45,0.327,1388,6987,265,0.0379,0.1909
0.45,0.328,1388,6987,265,0.0379,0.1909
0.45,0.329,1388,6987,265,0.0379,0.1909
0.45,0.33,1388,6987,254,0.0364,0.1830
0.45,0.331,1388,6987,254,0.0364,0.1830
0.45,0.332,1388,6987,254,0.0364,0.1830
0.45,0.333,1388,6987,254,0.0364,0.1830
0.45,0.334,1388,6987,254,0.0364,0.1830
0.45,0.335,1388,6987,254,0.0364,0.1830
0.45,0.336,1388,6987,254,0.0364,0.1830
0.45,0.337,1388,6987,254,0.0364,0.1830
0.45,0.338,1388,6987,254,0.0364,0.1830
0.45,0.339,1388,6987,254,0.0364,0.1830
0.45,0.34,1388,6987,251,0.0359,0.1808
0.45,0.341,1388,6987,251,0.0359,0.1808
0.45,0.342,1388,6987,251,0.0359,0.1808
0.45,0.343,1388,6987,251,0.0359,0.1808
0.45,0.344,1388,6987,251,0.0359,0.1808
0.45,0.345,1388,6987,251,0.0359,0.1808
0.45,0.346,1388,6987,251,0.0359,0.1808
0.45,0.347,1388,6987,251,0.0359,0.1808
0.45,0.348,1388,6987,251,0.0359,0.1808
0.45,0.349,1388,6987,251,0.0359,0.1808
0.45,0.35,1388,6987,244,0.0349,0.1758
0.45,0.351,1388,6987,244,0.0349,0.1758
0.45,0.352,1388,6987,244,0.0349,0.1758
0.45,0.353,1388,6987,244,0.0349,0.1758
0.45,0.354,1388,6987,244,0.0349,0.1758
0.45,0.355,1388,6987,244,0.0349,0.1758
0.45,0.356,1388,6987,244,0.0349,0.1758
0.45,0.357,1388,6987,244,0.0349,0.1758
0.45,0.358,1388,6987,244,0.0349,0.1758
0.45,0.359,1388,6987,244,0.0349,0.1758
0.45,0.36,1388,6987,235,0.0336,0.1693
0.45,0.361,1388,6987,235,0.0336,0.1693
0.45,0.362,1388,6987,235,0.0336,0.1693
0.45,0.363,1388,6987,235,0.0336,0.1693
0.45,0.364,1388,6987,235,0.0336,0.1693
0.45,0.365,1388,6987,235,0.0336,0.1693
0.45,0.366,1388,6987,235,0.0336,0.1693
0.45,0.367,1388,6987,235,0.0336,0.1693
0.45,0.368,1388,6987,235,0.0336,0.1693
0.45,0.369,1388,6987,235,0.0336,0.1693
0.45,0.37,1388,6987,225,0.0322,0.1621
0.45,0.371,1388,6987,225,0.0322,0.1621
0.45,0.372,1388,6987,225,0.0322,0.1621
0.45,0.373,1388,6987,225,0.0322,0.1621
0.45,0.374,1388,6987,225,0.0322,0.1621
0.45,0.375,1388,6987,225,0.0322,0.1621
0.45,0.376,1388,6987,225,0.0322,0.1621
0.45,0.377,1388,6987,225,0.0322,0.1621
0.45,0.378,1388,6987,225,0.0322,0.1621
0.45,0.379,1388,6987,225,0.0322,0.1621
0.45,0.38,1388,6987,220,0.0315,0.1585
0.45,0.381,1388,6987,220,0.0315,0.1585
0.45,0.382,1388,6987,220,0.0315,0.1585
0.45,0.383,1388,6987,220,0.0315,0.1585
0.45,0.384,1388,6987,220,0.0315,0.1585
0.45,0.385,1388,6987,220,0.0315,0.1585
0.45,0.386,1388,6987,220,0.0315,0.1585
0.45,0.387,1388,6987,220,0.0315,0.1585
0.45,0.388,1388,6987,220,0.0315,0.1585
0.45,0.389,1388,6987,220,0.0315,0.1585
0.45,0.39,1388,6987,216,0.0309,0.1556
0.45,0.391,1388,6987,216,0.0309,0.1556
0.45,0.392,1388,6987,216,0.0309,0.1556
0.45,0.393,1388,6987,216,0.0309,0.1556
0.45,0.394,1388,6987,216,0.0309,0.1556
0.45,0.395,1388,6987,216,0.0309,0.1556
0.45,0.396,1388,6987,216,0.0309,0.1556
0.45,0.397,1388,6987,216,0.0309,0.1556
0.45,0.398,1388,6987,216,0.0309,0.1556
0.45,0.399,1388,6987,216,0.0309,0.1556
0.45,0.4,1388,6987,210,0.0301,0.1513
0.45,0.401,1388,6987,210,0.0301,0.1513
0.45,0.402,1388,6987,210,0.0301,0.1513
0.45,0.403,1388,6987,210,0.0301,0.1513
0.45,0.404,1388,6987,210,0.0301,0.1513
0.45,0.405,1388,6987,210,0.0301,0.1513
0.45,0.406,1388,6987,210,0.0301,0.1513
0.45,0.407,1388,6987,210,0.0301,0.1513
0.45,0.408,1388,6987,210,0.0301,0.1513
0.45,0.409,1388,6987,210,0.0301,0.1513
0.45,0.41,1388,6987,203,0.0291,0.1463
0.45,0.411,1388,6987,203,0.0291,0.1463
0.45,0.412,1388,6987,203,0.0291,0.1463
0.45,0.413,1388,6987,203,0.0291,0.1463
0.45,0.414,1388,6987,203,0.0291,0.1463
0.45,0.415,1388,6987,203,0.0291,0.1463
0.45,0.416,1388,6987,203,0.0291,0.1463
0.45,0.417,1388,6987,203,0.0291,0.1463
0.45,0.418,1388,6987,203,0.0291,0.1463
0.45,0.419,1388,6987,203,0.0291,0.1463
0.45,0.42,1388,6987,193,0.0276,0.1390
0.45,0.421,1388,6987,193,0.0276,0.1390
0.45,0.422,1388,6987,193,0.0276,0.1390
0.45,0.423,1388,6987,193,0.0276,0.1390
0.45,0.424,1388,6987,193,0.0276,0.1390
0.45,0.425,1388,6987,193,0.0276,0.1390
0.45,0.426,1388,6987,193,0.0276,0.1390
0.45,0.427,1388,6987,193,0.0276,0.1390
0.45,0.428,1388,6987,193,0.0276,0.1390
0.45,0.429,1388,6987,193,0.0276,0.1390
0.45,0.43,1388,6987,184,0.0263,0.1326
0.45,0.431,1388,6987,184,0.0263,0.1326
0.45,0.432,1388,6987,184,0.0263,0.1326
0.45,0.433,1388,6987,184,0.0263,0.1326
0.45,0.434,1388,6987,184,0.0263,0.1326
0.45,0.435,1388,6987,184,0.0263,0.1326
0.45,0.436,1388,6987,184,0.0263,0.1326
0.45,0.437,1388,6987,184,0.0263,0.1326
0.45,0.438,1388,6987,184,0.0263,0.1326
0.45,0.439,1388,6987,184,0.0263,0.1326
0.45,0.44,1388,6987,177,0.0253,0.1275
0.45,0.441,1388,6987,177,0.0253,0.1275
0.45,0.442,1388,6987,177,0.0253,0.1275
0.45,0.443,1388,6987,177,0.0253,0.1275
0.45,0.444,1388,6987,177,0.0253,0.1275
0.45,0.445,1388,6987,177,0.0253,0.1275
0.45,0.446,1388,6987,177,0.0253,0.1275
0.45,0.447,1388,6987,177,0.0253,0.1275
0.45,0.448,1388,6987,177,0.0253,0.1275
0.45,0.449,1388,6987,177,0.0253,0.1275
0.45,0.45,1388,6987,173,0.0248,0.1246
0.45,0.451,1388,6987,173,0.0248,0.1246
0.45,0.452,1388,6987,173,0.0248,0.1246
0.45,0.453,1388,6987,173,0.0248,0.1246
0.45,0.454,1388,6987,173,0.0248,0.1246
0.45,0.455,1388,6987,173,0.0248,0.1246
0.45,0.456,1388,6987,173,0.0248,0.1246
0.45,0.457,1388,6987,173,0.0248,0.1246
0.45,0.458,1388,6987,173,0.0248,0.1246
0.45,0.459,1388,6987,173,0.0248,0.1246
0.45,0.46,1388,6987,170,0.0243,0.1225
0.45,0.461,1388,6987,170,0.0243,0.1225
0.45,0.462,1388,6987,170,0.0243,0.1225
0.45,0.463,1388,6987,170,0.0243,0.1225
0.45,0.464,1388,6987,170,0.0243,0.1225
0.45,0.465,1388,6987,170,0.0243,0.1225
0.45,0.466,1388,6987,170,0.0243,0.1225
0.45,0.467,1388,6987,170,0.0243,0.1225
0.45,0.468,1388,6987,170,0.0243,0.1225
0.45,0.469,1388,6987,170,0.0243,0.1225
0.45,0.47,1388,6987,169,0.0242,0.1218
0.45,0.471,1388,6987,169,0.0242,0.1218
0.45,0.472,1388,6987,169,0.0242,0.1218
0.45,0.473,1388,6987,169,0.0242,0.1218
0.45,0.474,1388,6987,169,0.0242,0.1218
0.45,0.475,1388,6987,169,0.0242,0.1218
0.45,0.476,1388,6987,169,0.0242,0.1218
0.45,0.477,1388,6987,169,0.0242,0.1218
0.45,0.478,1388,6987,169,0.0242,0.1218
0.45,0.479,1388,6987,169,0.0242,0.1218
0.45,0.48,1388,6987,164,0.0235,0.1182
0.45,0.481,1388,6987,164,0.0235,0.1182
0.45,0.482,1388,6987,164,0.0235,0.1182
0.45,0.483,1388,6987,164,0.0235,0.1182
0.45,0.484,1388,6987,164,0.0235,0.1182
0.45,0.485,1388,6987,164,0.0235,0.1182
0.45,0.486,1388,6987,164,0.0235,0.1182
0.45,0.487,1388,6987,164,0.0235,0.1182
0.45,0.488,1388,6987,164,0.0235,0.1182
0.45,0.489,1388,6987,164,0.0235,0.1182
0.45,0.49,1388,6987,160,0.0229,0.1153
0.45,0.491,1388,6987,160,0.0229,0.1153
0.45,0.492,1388,6987,160,0.0229,0.1153
0.45,0.493,1388,6987,160,0.0229,0.1153
0.45,0.494,1388,6987,160,0.0229,0.1153
0.45,0.495,1388,6987,160,0.0229,0.1153
0.45,0.496,1388,6987,160,0.0229,0.1153
0.45,0.497,1388,6987,160,0.0229,0.1153
0.45,0.498,1388,6987,160,0.0229,0.1153
0.45,0.499,1388,6987,160,0.0229,0.1153
0.45,0.5,1388,6987,156,0.0223,0.1124
0.45,0.501,1388,6987,156,0.0223,0.1124
0.45,0.502,1388,6987,156,0.0223,0.1124
0.45,0.503,1388,6987,156,0.0223,0.1124
0.45,0.504,1388,6987,156,0.0223,0.1124
0.45,0.505,1388,6987,156,0.0223,0.1124
0.45,0.506,1388,6987,156,0.0223,0.1124
0.45,0.507,1388,6987,156,0.0223,0.1124
0.45,0.508,1388,6987,156,0.0223,0.1124
0.45,0.509,1388,6987,156,0.0223,0.1124
0.45,0.51,1388,6987,150,0.0215,0.1081
0.45,0.511,1388,6987,150,0.0215,0.1081
0.45,0.512,1388,6987,150,0.0215,0.1081
0.45,0.513,1388,6987,150,0.0215,0.1081
0.45,0.514,1388,6987,150,0.0215,0.1081
0.45,0.515,1388,6987,150,0.0215,0.1081
0.45,0.516,1388,6987,150,0.0215,0.1081
0.45,0.517,1388,6987,150,0.0215,0.1081
0.45,0.518,1388,6987,150,0.0215,0.1081
0.45,0.519,1388,6987,150,0.0215,0.1081
0.45,0.52,1388,6987,143,0.0205,0.1030
0.45,0.521,1388,6987,143,0.0205,0.1030
0.45,0.522,1388,6987,143,0.0205,0.1030
0.45,0.523,1388,6987,143,0.0205,0.1030
0.45,0.524,1388,6987,143,0.0205,0.1030
0.45,0.525,1388,6987,143,0.0205,0.1030
0.45,0.526,1388,6987,143,0.0205,0.1030
0.45,0.527,1388,6987,143,0.0205,0.1030
0.45,0.528,1388,6987,143,0.0205,0.1030
0.45,0.529,1388,6987,143,0.0205,0.1030
0.45,0.53,1388,6987,139,0.0199,0.1001
0.45,0.531,1388,6987,139,0.0199,0.1001
0.45,0.532,1388,6987,139,0.0199,0.1001
0.45,0.533,1388,6987,139,0.0199,0.1001
0.45,0.534,1388,6987,139,0.0199,0.1001
0.45,0.535,1388,6987,139,0.0199,0.1001
0.45,0.536,1388,6987,139,0.0199,0.1001
0.45,0.537,1388,6987,139,0.0199,0.1001
0.45,0.538,1388,6987,139,0.0199,0.1001
0.45,0.539,1388,6987,139,0.0199,0.1001
0.45,0.54,1388,6987,136,0.0195,0.0980
0.45,0.541,1388,6987,136,0.0195,0.0980
0.45,0.542,1388,6987,136,0.0195,0.0980
0.45,0.543,1388,6987,136,0.0195,0.0980
0.45,0.544,1388,6987,136,0.0195,0.0980
0.45,0.545,1388,6987,136,0.0195,0.0980
0.45,0.546,1388,6987,136,0.0195,0.0980
0.45,0.547,1388,6987,136,0.0195,0.0980
0.45,0.548,1388,6987,136,0.0195,0.0980
0.45,0.549,1388,6987,136,0.0195,0.0980
0.45,0.55,1388,6987,132,0.0189,0.0951
0.45,0.551,1388,6987,132,0.0189,0.0951
0.45,0.552,1388,6987,132,0.0189,0.0951
0.45,0.553,1388,6987,132,0.0189,0.0951
0.45,0.554,1388,6987,132,0.0189,0.0951
0.45,0.555,1388,6987,132,0.0189,0.0951
0.45,0.556,1388,6987,132,0.0189,0.0951
0.45,0.557,1388,6987,132,0.0189,0.0951
0.45,0.558,1388,6987,132,0.0189,0.0951
0.45,0.559,1388,6987,132,0.0189,0.0951
0.45,0.56,1388,6987,130,0.0186,0.0937
0.45,0.561,1388,6987,130,0.0186,0.0937
0.45,0.562,1388,6987,130,0.0186,0.0937
0.45,0.563,1388,6987,130,0.0186,0.0937
0.45,0.564,1388,6987,130,0.0186,0.0937
0.45,0.565,1388,6987,130,0.0186,0.0937
0.45,0.566,1388,6987,130,0.0186,0.0937
0.45,0.567,1388,6987,130,0.0186,0.0937
0.45,0.568,1388,6987,130,0.0186,0.0937
0.45,0.569,1388,6987,130,0.0186,0.0937
0.45,0.57,1388,6987,128,0.0183,0.0922
0.45,0.571,1388,6987,128,0.0183,0.0922
0.45,0.572,1388,6987,128,0.0183,0.0922
0.45,0.573,1388,6987,128,0.0183,0.0922
0.45,0.574,1388,6987,128,0.0183,0.0922
0.45,0.575,1388,6987,128,0.0183,0.0922
0.45,0.576,1388,6987,128,0.0183,0.0922
0.45,0.577,1388,6987,128,0.0183,0.0922
0.45,0.578,1388,6987,128,0.0183,0.0922
0.45,0.579,1388,6987,128,0.0183,0.0922
0.45,0.58,1388,6987,126,0.0180,0.0908
0.45,0.581,1388,6987,126,0.0180,0.0908
0.45,0.582,1388,6987,126,0.0180,0.0908
0.45,0.583,1388,6987,126,0.0180,0.0908
0.45,0.584,1388,6987,126,0.0180,0.0908
0.45,0.585,1388,6987,126,0.0180,0.0908
0.45,0.586,1388,6987,126,0.0180,0.0908
0.45,0.587,1388,6987,126,0.0180,0.0908
0.45,0.588,1388,6987,126,0.0180,0.0908
0.45,0.589,1388,6987,126,0.0180,0.0908
0.45,0.59,1388,6987,122,0.0175,0.0879
0.45,0.591,1388,6987,122,0.0175,0.0879
0.45,0.592,1388,6987,122,0.0175,0.0879
0.45,0.593,1388,6987,122,0.0175,0.0879
0.45,0.594,1388,6987,122,0.0175,0.0879
0.45,0.595,1388,6987,122,0.0175,0.0879
0.45,0.596,1388,6987,122,0.0175,0.0879
0.45,0.597,1388,6987,122,0.0175,0.0879
0.45,0.598,1388,6987,122,0.0175,0.0879
0.45,0.599,1388,6987,122,0.0175,0.0879
0.45,0.6,1388,6987,121,0.0173,0.0872
0.45,0.601,1388,6987,121,0.0173,0.0872
0.45,0.602,1388,6987,121,0.0173,0.0872
0.45,0.603,1388,6987,121,0.0173,0.0872
0.45,0.604,1388,6987,121,0.0173,0.0872
0.45,0.605,1388,6987,121,0.0173,0.0872
0.45,0.606,1388,6987,121,0.0173,0.0872
0.45,0.607,1388,6987,121,0.0173,0.0872
0.45,0.608,1388,6987,121,0.0173,0.0872
0.45,0.609,1388,6987,121,0.0173,0.0872
0.45,0.61,1388,6987,116,0.0166,0.0836
0.45,0.611,1388,6987,116,0.0166,0.0836
0.45,0.612,1388,6987,116,0.0166,0.0836
0.45,0.613,1388,6987,116,0.0166,0.0836
0.45,0.614,1388,6987,116,0.0166,0.0836
0.45,0.615,1388,6987,116,0.0166,0.0836
0.45,0.616,1388,6987,116,0.0166,0.0836
0.45,0.617,1388,6987,116,0.0166,0.0836
0.45,0.618,1388,6987,116,0.0166,0.0836
0.45,0.619,1388,6987,116,0.0166,0.0836
0.45,0.62,1388,6987,114,0.0163,0.0821
0.45,0.621,1388,6987,114,0.0163,0.0821
0.45,0.622,1388,6987,114,0.0163,0.0821
0.45,0.623,1388,6987,114,0.0163,0.0821
0.45,0.624,1388,6987,114,0.0163,0.0821
0.45,0.625,1388,6987,114,0.0163,0.0821
0.45,0.626,1388,6987,114,0.0163,0.0821
0.45,0.627,1388,6987,114,0.0163,0.0821
0.45,0.628,1388,6987,114,0.0163,0.0821
0.45,0.629,1388,6987,114,0.0163,0.0821
0.45,0.63,1388,6987,111,0.0159,0.0800
0.45,0.631,1388,6987,111,0.0159,0.0800
0.45,0.632,1388,6987,111,0.0159,0.0800
0.45,0.633,1388,6987,111,0.0159,0.0800
0.45,0.634,1388,6987,111,0.0159,0.0800
0.45,0.635,1388,6987,111,0.0159,0.0800
0.45,0.636,1388,6987,111,0.0159,0.0800
0.45,0.637,1388,6987,111,0.0159,0.0800
0.45,0.638,1388,6987,111,0.0159,0.0800
0.45,0.639,1388,6987,111,0.0159,0.0800
0.45,0.64,1388,6987,108,0.0155,0.0778
0.45,0.641,1388,6987,108,0.0155,0.0778
0.45,0.642,1388,6987,108,0.0155,0.0778
0.45,0.643,1388,6987,108,0.0155,0.0778
0.45,0.644,1388,6987,108,0.0155,0.0778
0.45,0.645,1388,6987,108,0.0155,0.0778
0.45,0.646,1388,6987,108,0.0155,0.0778
0.45,0.647,1388,6987,108,0.0155,0.0778
0.45,0.648,1388,6987,108,0.0155,0.0778
0.45,0.649,1388,6987,108,0.0155,0.0778
0.45,0.65,1388,6987,106,0.0152,0.0764
0.45,0.651,1388,6987,106,0.0152,0.0764
0.45,0.652,1388,6987,106,0.0152,0.0764
0.45,0.653,1388,6987,106,0.0152,0.0764
0.45,0.654,1388,6987,106,0.0152,0.0764
0.45,0.655,1388,6987,106,0.0152,0.0764
0.45,0.656,1388,6987,106,0.0152,0.0764
0.45,0.657,1388,6987,106,0.0152,0.0764
0.45,0.658,1388,6987,106,0.0152,0.0764
0.45,0.659,1388,6987,106,0.0152,0.0764
0.45,0.66,1388,6987,104,0.0149,0.0749
0.45,0.661,1388,6987,104,0.0149,0.0749
0.45,0.662,1388,6987,104,0.0149,0.0749
0.45,0.663,1388,6987,104,0.0149,0.0749
0.45,0.664,1388,6987,104,0.0149,0.0749
0.45,0.665,1388,6987,104,0.0149,0.0749
0.45,0.666,1388,6987,104,0.0149,0.0749
0.45,0.667,1388,6987,104,0.0149,0.0749
0.45,0.668,1388,6987,104,0.0149,0.0749
0.45,0.669,1388,6987,104,0.0149,0.0749
0.45,0.67,1388,6987,103,0.0147,0.0742
0.45,0.671,1388,6987,103,0.0147,0.0742
0.45,0.672,1388,6987,103,0.0147,0.0742
0.45,0.673,1388,6987,103,0.0147,0.0742
0.45,0.674,1388,6987,103,0.0147,0.0742
0.45,0.675,1388,6987,103,0.0147,0.0742
0.45,0.676,1388,6987,103,0.0147,0.0742
0.45,0.677,1388,6987,103,0.0147,0.0742
0.45,0.678,1388,6987,103,0.0147,0.0742
0.45,0.679,1388,6987,103,0.0147,0.0742
0.45,0.68,1388,6987,100,0.0143,0.0720
0.45,0.681,1388,6987,100,0.0143,0.0720
0.45,0.682,1388,6987,100,0.0143,0.0720
0.45,0.683,1388,6987,100,0.0143,0.0720
0.45,0.684,1388,6987,100,0.0143,0.0720
0.45,0.685,1388,6987,100,0.0143,0.0720
0.45,0.686,1388,6987,100,0.0143,0.0720
0.45,0.687,1388,6987,100,0.0143,0.0720
0.45,0.688,1388,6987,100,0.0143,0.0720
0.45,0.689,1388,6987,100,0.0143,0.0720
0.45,0.69,1388,6987,95,0.0136,0.0684
0.45,0.691,1388,6987,95,0.0136,0.0684
0.45,0.692,1388,6987,95,0.0136,0.0684
0.45,0.693,1388,6987,95,0.0136,0.0684
0.45,0.694,1388,6987,95,0.0136,0.0684
0.45,0.695,1388,6987,95,0.0136,0.0684
0.45,0.696,1388,6987,95,0.0136,0.0684
0.45,0.697,1388,6987,95,0.0136,0.0684
0.45,0.698,1388,6987,95,0.0136,0.0684
0.45,0.699,1388,6987,95,0.0136,0.0684
0.45,0.7,1388,6987,95,0.0136,0.0684
0.45,0.701,1388,6987,95,0.0136,0.0684
0.45,0.702,1388,6987,95,0.0136,0.0684
0.45,0.703,1388,6987,95,0.0136,0.0684
0.45,0.704,1388,6987,95,0.0136,0.0684
0.45,0.705,1388,6987,95,0.0136,0.0684
0.45,0.706,1388,6987,95,0.0136,0.0684
0.45,0.707,1388,6987,95,0.0136,0.0684
0.45,0.708,1388,6987,95,0.0136,0.0684
0.45,0.709,1388,6987,95,0.0136,0.0684
0.45,0.71,1388,6987,93,0.0133,0.0670
0.45,0.711,1388,6987,93,0.0133,0.0670
0.45,0.712,1388,6987,93,0.0133,0.0670
0.45,0.713,1388,6987,93,0.0133,0.0670
0.45,0.714,1388,6987,93,0.0133,0.0670
0.45,0.715,1388,6987,93,0.0133,0.0670
0.45,0.716,1388,6987,93,0.0133,0.0670
0.45,0.717,1388,6987,93,0.0133,0.0670
0.45,0.718,1388,6987,93,0.0133,0.0670
0.45,0.719,1388,6987,93,0.0133,0.0670
0.45,0.72,1388,6987,92,0.0132,0.0663
0.45,0.721,1388,6987,92,0.0132,0.0663
0.45,0.722,1388,6987,92,0.0132,0.0663
0.45,0.723,1388,6987,92,0.0132,0.0663
0.45,0.724,1388,6987,92,0.0132,0.0663
0.45,0.725,1388,6987,92,0.0132,0.0663
0.45,0.726,1388,6987,92,0.0132,0.0663
0.45,0.727,1388,6987,92,0.0132,0.0663
0.45,0.728,1388,6987,92,0.0132,0.0663
0.45,0.729,1388,6987,92,0.0132,0.0663
0.45,0.73,1388,6987,90,0.0129,0.0648
0.45,0.731,1388,6987,90,0.0129,0.0648
0.45,0.732,1388,6987,90,0.0129,0.0648
0.45,0.733,1388,6987,90,0.0129,0.0648
0.45,0.734,1388,6987,90,0.0129,0.0648
0.45,0.735,1388,6987,90,0.0129,0.0648
0.45,0.736,1388,6987,90,0.0129,0.0648
0.45,0.737,1388,6987,90,0.0129,0.0648
0.45,0.738,1388,6987,90,0.0129,0.0648
0.45,0.739,1388,6987,90,0.0129,0.0648
0.45,0.74,1388,6987,90,0.0129,0.0648
0.45,0.741,1388,6987,90,0.0129,0.0648
0.45,0.742,1388,6987,90,0.0129,0.0648
0.45,0.743,1388,6987,90,0.0129,0.0648
0.45,0.744,1388,6987,90,0.0129,0.0648
0.45,0.745,1388,6987,90,0.0129,0.0648
0.45,0.746,1388,6987,90,0.0129,0.0648
0.45,0.747,1388,6987,90,0.0129,0.0648
0.45,0.748,1388,6987,90,0.0129,0.0648
0.45,0.749,1388,6987,90,0.0129,0.0648
0.45,0.75,1388,6987,89,0.0127,0.0641
0.45,0.751,1388,6987,89,0.0127,0.0641
0.45,0.752,1388,6987,89,0.0127,0.0641
0.45,0.753,1388,6987,89,0.0127,0.0641
0.45,0.754,1388,6987,89,0.0127,0.0641
0.45,0.755,1388,6987,89,0.0127,0.0641
0.45,0.756,1388,6987,89,0.0127,0.0641
0.45,0.757,1388,6987,89,0.0127,0.0641
0.45,0.758,1388,6987,89,0.0127,0.0641
0.45,0.759,1388,6987,89,0.0127,0.0641
0.45,0.76,1388,6987,88,0.0126,0.0634
0.45,0.761,1388,6987,88,0.0126,0.0634
0.45,0.762,1388,6987,88,0.0126,0.0634
0.45,0.763,1388,6987,88,0.0126,0.0634
0.45,0.764,1388,6987,88,0.0126,0.0634
0.45,0.765,1388,6987,88,0.0126,0.0634
0.45,0.766,1388,6987,88,0.0126,0.0634
0.45,0.767,1388,6987,88,0.0126,0.0634
0.45,0.768,1388,6987,88,0.0126,0.0634
0.45,0.769,1388,6987,88,0.0126,0.0634
0.45,0.77,1388,6987,88,0.0126,0.0634
0.45,0.771,1388,6987,88,0.0126,0.0634
0.45,0.772,1388,6987,88,0.0126,0.0634
0.45,0.773,1388,6987,88,0.0126,0.0634
0.45,0.774,1388,6987,88,0.0126,0.0634
0.45,0.775,1388,6987,88,0.0126,0.0634
0.45,0.776,1388,6987,88,0.0126,0.0634
0.45,0.777,1388,6987,88,0.0126,0.0634
0.45,0.778,1388,6987,88,0.0126,0.0634
0.45,0.779,1388,6987,88,0.0126,0.0634
0.45,0.78,1388,6987,87,0.0125,0.0627
0.45,0.781,1388,6987,87,0.0125,0.0627
0.45,0.782,1388,6987,87,0.0125,0.0627
0.45,0.783,1388,6987,87,0.0125,0.0627
0.45,0.784,1388,6987,87,0.0125,0.0627
0.45,0.785,1388,6987,87,0.0125,0.0627
0.45,0.786,1388,6987,87,0.0125,0.0627
0.45,0.787,1388,6987,87,0.0125,0.0627
0.45,0.788,1388,6987,87,0.0125,0.0627
0.45,0.789,1388,6987,87,0.0125,0.0627
0.45,0.79,1388,6987,87,0.0125,0.0627
0.45,0.791,1388,6987,87,0.0125,0.0627
0.45,0.792,1388,6987,87,0.0125,0.0627
0.45,0.793,1388,6987,87,0.0125,0.0627
0.45,0.794,1388,6987,87,0.0125,0.0627
0.45,0.795,1388,6987,87,0.0125,0.0627
0.45,0.796,1388,6987,87,0.0125,0.0627
0.45,0.797,1388,6987,87,0.0125,0.0627
0.45,0.798,1388,6987,87,0.0125,0.0627
0.45,0.799,1388,6987,87,0.0125,0.0627
0.45,0.8,1388,6987,86,0.0123,0.0620
0.45,0.801,1388,6987,86,0.0123,0.0620
0.45,0.802,1388,6987,86,0.0123,0.0620
0.45,0.803,1388,6987,86,0.0123,0.0620
0.45,0.804,1388,6987,86,0.0123,0.0620
0.45,0.805,1388,6987,86,0.0123,0.0620
0.45,0.806,1388,6987,86,0.0123,0.0620
0.45,0.807,1388,6987,86,0.0123,0.0620
0.45,0.808,1388,6987,86,0.0123,0.0620
0.45,0.809,1388,6987,86,0.0123,0.0620
0.45,0.81,1388,6987,85,0.0122,0.0612
0.45,0.811,1388,6987,85,0.0122,0.0612
0.45,0.812,1388,6987,85,0.0122,0.0612
0.45,0.813,1388,6987,85,0.0122,0.0612
0.45,0.814,1388,6987,85,0.0122,0.0612
0.45,0.815,1388,6987,85,0.0122,0.0612
0.45,0.816,1388,6987,85,0.0122,0.0612
0.45,0.817,1388,6987,85,0.0122,0.0612
0.45,0.818,1388,6987,85,0.0122,0.0612
0.45,0.819,1388,6987,85,0.0122,0.0612
0.45,0.82,1388,6987,84,0.0120,0.0605
0.45,0.821,1388,6987,84,0.0120,0.0605
0.45,0.822,1388,6987,84,0.0120,0.0605
0.45,0.823,1388,6987,84,0.0120,0.0605
0.45,0.824,1388,6987,84,0.0120,0.0605
0.45,0.825,1388,6987,84,0.0120,0.0605
0.45,0.826,1388,6987,84,0.0120,0.0605
0.45,0.827,1388,6987,84,0.0120,0.0605
0.45,0.828,1388,6987,84,0.0120,0.0605
0.45,0.829,1388,6987,84,0.0120,0.0605
0.45,0.83,1388,6987,84,0.0120,0.0605
0.45,0.831,1388,6987,84,0.0120,0.0605
0.45,0.832,1388,6987,84,0.0120,0.0605
0.45,0.833,1388,6987,84,0.0120,0.0605
0.45,0.834,1388,6987,84,0.0120,0.0605
0.45,0.835,1388,6987,84,0.0120,0.0605
0.45,0.836,1388,6987,84,0.0120,0.0605
0.45,0.837,1388,6987,84,0.0120,0.0605
0.45,0.838,1388,6987,84,0.0120,0.0605
0.45,0.839,1388,6987,84,0.0120,0.0605
0.45,0.84,1388,6987,84,0.0120,0.0605
0.45,0.841,1388,6987,84,0.0120,0.0605
0.45,0.842,1388,6987,84,0.0120,0.0605
0.45,0.843,1388,6987,84,0.0120,0.0605
0.45,0.844,1388,6987,84,0.0120,0.0605
0.45,0.845,1388,6987,84,0.0120,0.0605
0.45,0.846,1388,6987,84,0.0120,0.0605
0.45,0.847,1388,6987,84,0.0120,0.0605
0.45,0.848,1388,6987,84,0.0120,0.0605
0.45,0.849,1388,6987,84,0.0120,0.0605
0.45,0.85,1388,6987,81,0.0116,0.0584
0.45,0.851,1388,6987,81,0.0116,0.0584
0.45,0.852,1388,6987,81,0.0116,0.0584
0.45,0.853,1388,6987,81,0.0116,0.0584
0.45,0.854,1388,6987,81,0.0116,0.0584
0.45,0.855,1388,6987,81,0.0116,0.0584
0.45,0.856,1388,6987,81,0.0116,0.0584
0.45,0.857,1388,6987,81,0.0116,0.0584
0.45,0.858,1388,6987,81,0.0116,0.0584
0.45,0.859,1388,6987,81,0.0116,0.0584
0.45,0.86,1388,6987,81,0.0116,0.0584
0.45,0.861,1388,6987,81,0.0116,0.0584
0.45,0.862,1388,6987,81,0.0116,0.0584
0.45,0.863,1388,6987,81,0.0116,0.0584
0.45,0.864,1388,6987,81,0.0116,0.0584
0.45,0.865,1388,6987,81,0.0116,0.0584
0.45,0.866,1388,6987,81,0.0116,0.0584
0.45,0.867,1388,6987,81,0.0116,0.0584
0.45,0.868,1388,6987,81,0.0116,0.0584
0.45,0.869,1388,6987,81,0.0116,0.0584
0.45,0.87,1388,6987,80,0.0114,0.0576
0.45,0.871,1388,6987,80,0.0114,0.0576
0.45,0.872,1388,6987,80,0.0114,0.0576
0.45,0.873,1388,6987,80,0.0114,0.0576
0.45,0.874,1388,6987,80,0.0114,0.0576
0.45,0.875,1388,6987,80,0.0114,0.0576
0.45,0.876,1388,6987,80,0.0114,0.0576
0.45,0.877,1388,6987,80,0.0114,0.0576
0.45,0.878,1388,6987,80,0.0114,0.0576
0.45,0.879,1388,6987,80,0.0114,0.0576
0.45,0.88,1388,6987,80,0.0114,0.0576
0.45,0.881,1388,6987,80,0.0114,0.0576
0.45,0.882,1388,6987,80,0.0114,0.0576
0.45,0.883,1388,6987,80,0.0114,0.0576
0.45,0.884,1388,6987,80,0.0114,0.0576
0.45,0.885,1388,6987,80,0.0114,0.0576
0.45,0.886,1388,6987,80,0.0114,0.0576
0.45,0.887,1388,6987,80,0.0114,0.0576
0.45,0.888,1388,6987,80,0.0114,0.0576
0.45,0.889,1388,6987,80,0.0114,0.0576
0.45,0.89,1388,6987,79,0.0113,0.0569
0.45,0.891,1388,6987,79,0.0113,0.0569
0.45,0.892,1388,6987,79,0.0113,0.0569
0.45,0.893,1388,6987,79,0.0113,0.0569
0.45,0.894,1388,6987,79,0.0113,0.0569
0.45,0.895,1388,6987,79,0.0113,0.0569
0.45,0.896,1388,6987,79,0.0113,0.0569
0.45,0.897,1388,6987,79,0.0113,0.0569
0.45,0.898,1388,6987,79,0.0113,0.0569
0.45,0.899,1388,6987,79,0.0113,0.0569
0.45,0.9,1388,6987,78,0.0112,0.0562
0.45,0.901,1388,6987,78,0.0112,0.0562
0.45,0.902,1388,6987,78,0.0112,0.0562
0.45,0.903,1388,6987,78,0.0112,0.0562
0.45,0.904,1388,6987,78,0.0112,0.0562
0.45,0.905,1388,6987,78,0.0112,0.0562
0.45,0.906,1388,6987,78,0.0112,0.0562
0.45,0.907,1388,6987,78,0.0112,0.0562
0.45,0.908,1388,6987,78,0.0112,0.0562
0.45,0.909,1388,6987,78,0.0112,0.0562
0.45,0.91,1388,6987,71,0.0102,0.0512
0.45,0.911,1388,6987,71,0.0102,0.0512
0.45,0.912,1388,6987,71,0.0102,0.0512
0.45,0.913,1388,6987,71,0.0102,0.0512
0.45,0.914,1388,6987,71,0.0102,0.0512
0.45,0.915,1388,6987,71,0.0102,0.0512
0.45,0.916,1388,6987,71,0.0102,0.0512
0.45,0.917,1388,6987,71,0.0102,0.0512
0.45,0.918,1388,6987,71,0.0102,0.0512
0.45,0.919,1388,6987,71,0.0102,0.0512
0.45,0.92,1388,6987,71,0.0102,0.0512
0.45,0.921,1388,6987,71,0.0102,0.0512
0.45,0.922,1388,6987,71,0.0102,0.0512
0.45,0.923,1388,6987,71,0.0102,0.0512
0.45,0.924,1388,6987,71,0.0102,0.0512
0.45,0.925,1388,6987,71,0.0102,0.0512
0.45,0.926,1388,6987,71,0.0102,0.0512
0.45,0.927,1388,6987,71,0.0102,0.0512
0.45,0.928,1388,6987,71,0.0102,0.0512
0.45,0.929,1388,6987,71,0.0102,0.0512
0.45,0.93,1388,6987,71,0.0102,0.0512
0.45,0.931,1388,6987,71,0.0102,0.0512
0.45,0.932,1388,6987,71,0.0102,0.0512
0.45,0.933,1388,6987,71,0.0102,0.0512
0.45,0.934,1388,6987,71,0.0102,0.0512
0.45,0.935,1388,6987,71,0.0102,0.0512
0.45,0.936,1388,6987,71,0.0102,0.0512
0.45,0.937,1388,6987,71,0.0102,0.0512
0.45,0.938,1388,6987,71,0.0102,0.0512
0.45,0.939,1388,6987,71,0.0102,0.0512
0.45,0.94,1388,6987,71,0.0102,0.0512
0.45,0.941,1388,6987,71,0.0102,0.0512
0.45,0.942,1388,6987,71,0.0102,0.0512
0.45,0.943,1388,6987,71,0.0102,0.0512
0.45,0.944,1388,6987,71,0.0102,0.0512
0.45,0.945,1388,6987,71,0.0102,0.0512
0.45,0.946,1388,6987,71,0.0102,0.0512
0.45,0.947,1388,6987,71,0.0102,0.0512
0.45,0.948,1388,6987,71,0.0102,0.0512
0.45,0.949,1388,6987,71,0.0102,0.0512
0.45,0.95,1388,6987,71,0.0102,0.0512
0.45,0.951,1388,6987,71,0.0102,0.0512
0.45,0.952,1388,6987,71,0.0102,0.0512
0.45,0.953,1388,6987,71,0.0102,0.0512
0.45,0.954,1388,6987,71,0.0102,0.0512
0.45,0.955,1388,6987,71,0.0102,0.0512
0.45,0.956,1388,6987,71,0.0102,0.0512
0.45,0.957,1388,6987,71,0.0102,0.0512
0.45,0.958,1388,6987,71,0.0102,0.0512
0.45,0.959,1388,6987,71,0.0102,0.0512
0.45,0.96,1388,6987,71,0.0102,0.0512
0.45,0.961,1388,6987,71,0.0102,0.0512
0.45,0.962,1388,6987,71,0.0102,0.0512
0.45,0.963,1388,6987,71,0.0102,0.0512
0.45,0.964,1388,6987,71,0.0102,0.0512
0.45,0.965,1388,6987,71,0.0102,0.0512
0.45,0.966,1388,6987,71,0.0102,0.0512
0.45,0.967,1388,6987,71,0.0102,0.0512
0.45,0.968,1388,6987,71,0.0102,0.0512
0.45,0.969,1388,6987,71,0.0102,0.0512
0.45,0.97,1388,6987,69,0.0099,0.0497
0.45,0.971,1388,6987,69,0.0099,0.0497
0.45,0.972,1388,6987,69,0.0099,0.0497
0.45,0.973,1388,6987,69,0.0099,0.0497
0.45,0.974,1388,6987,69,0.0099,0.0497
0.45,0.975,1388,6987,69,0.0099,0.0497
0.45,0.976,1388,6987,69,0.0099,0.0497
0.45,0.977,1388,6987,69,0.0099,0.0497
0.45,0.978,1388,6987,69,0.0099,0.0497
0.45,0.979,1388,6987,69,0.0099,0.0497
0.45,0.98,1388,6987,62,0.0089,0.0447
0.45,0.981,1388,6987,62,0.0089,0.0447
0.45,0.982,1388,6987,62,0.0089,0.0447
0.45,0.983,1388,6987,62,0.0089,0.0447
0.45,0.984,1388,6987,62,0.0089,0.0447
0.45,0.985,1388,6987,62,0.0089,0.0447
0.45,0.986,1388,6987,62,0.0089,0.0447
0.45,0.987,1388,6987,62,0.0089,0.0447
0.45,0.988,1388,6987,62,0.0089,0.0447
0.45,0.989,1388,6987,62,0.0089,0.0447
0.45,0.99,1388,6987,51,0.0073,0.0367
0.45,0.991,1388,6987,51,0.0073,0.0367
0.45,0.992,1388,6987,51,0.0073,0.0367
0.45,0.993,1388,6987,51,0.0073,0.0367
0.45,0.994,1388,6987,51,0.0073,0.0367
0.45,0.995,1388,6987,51,0.0073,0.0367
0.45,0.996,1388,6987,51,0.0073,0.0367
0.45,0.997,1388,6987,51,0.0073,0.0367
0.45,0.998,1388,6987,51,0.0073,0.0367
0.45,0.999,1388,6987,51,0.0073,0.0367
0.45,1.0,1388,6987,0,0.0000,0.0000
0.45,0.0,1388,6987,424,0.0607,0.3055
0.45,0.001,1388,6987,424,0.0607,0.3055
0.45,0.002,1388,6987,424,0.0607,0.3055
0.45,0.003,1388,6987,424,0.0607,0.3055
0.45,0.004,1388,6987,424,0.0607,0.3055
