0.6,0.0,1388,1388,1388,1.0000,1.0000
0.6,0.0,1388,1388,1388,1.0000,1.0000
0.6,0.012,1388,1388,1388,1.0000,1.0000
0.6,0.013,1388,1388,1388,1.0000,1.0000
0.6,0.007,1388,1388,1388,1.0000,1.0000
0.6,0.006,1388,1388,1388,1.0000,1.0000
0.6,0.009,1388,1388,1388,1.0000,1.0000
0.6,0.015,1388,1388,1388,1.0000,1.0000
0.6,0.003,1388,1388,1388,1.0000,1.0000
0.6,0.004,1388,1388,1388,1.0000,1.0000
0.6,0.011,1388,1388,1388,1.0000,1.0000
0.6,0.002,1388,1388,1388,1.0000,1.0000
0.6,0.014,1388,1388,1388,1.0000,1.0000
0.6,0.001,1388,1388,1388,1.0000,1.0000
0.6,0.01,1388,1388,1388,1.0000,1.0000
0.6,0.0,1388,1388,1388,1.0000,1.0000
0.6,0.005,1388,1388,1388,1.0000,1.0000
0.6,0.017,1388,1388,1388,1.0000,1.0000
0.6,0.019,1388,1388,1388,1.0000,1.0000
0.6,0.024,1387,1388,1388,0.9993,0.9993
0.6,0.027,1387,1388,1388,0.9993,0.9993
0.6,0.031,1386,1388,1388,0.9986,0.9986
0.6,0.022,1387,1388,1388,0.9993,0.9993
0.6,0.021,1387,1388,1388,0.9993,0.9993
0.6,0.026,1387,1388,1388,0.9993,0.9993
0.6,0.023,1387,1388,1388,0.9993,0.9993
0.6,0.02,1387,1388,1388,0.9993,0.9993
0.6,0.018,1388,1388,1388,1.0000,1.0000
0.6,0.03,1386,1388,1388,0.9986,0.9986
0.6,0.029,1387,1388,1388,0.9993,0.9993
0.6,0.016,1388,1388,1388,1.0000,1.0000
0.6,0.025,1387,1388,1388,0.9993,0.9993
0.6,0.028,1387,1388,1388,0.9993,0.9993
0.6,0.033,1386,1388,1388,0.9986,0.9986
0.6,0.032,1386,1388,1388,0.9986,0.9986
0.6,0.036,1386,1388,1388,0.9986,0.9986
0.6,0.037,1386,1388,1388,0.9986,0.9986
0.6,0.034,1386,1388,1388,0.9986,0.9986
0.6,0.038,1386,1388,1388,0.9986,0.9986
0.6,0.039,1386,1388,1388,0.9986,0.9986
0.6,0.035,1386,1388,1388,0.9986,0.9986
0.6,0.04,1381,1388,1388,0.9950,0.9950
0.6,0.042,1381,1388,1388,0.9950,0.9950
0.6,0.041,1381,1388,1388,0.9950,0.9950
0.6,0.044,1381,1388,1388,0.9950,0.9950
0.6,0.046,1381,1388,1388,0.9950,0.9950
0.6,0.043,1381,1388,1388,0.9950,0.9950
0.6,0.045,1381,1388,1388,0.9950,0.9950
0.6,0.047,1381,1388,1388,0.9950,0.9950
0.6,0.048,1381,1388,1388,0.9950,0.9950
0.6,0.049,1381,1388,1388,0.9950,0.9950
0.6,0.05,1373,1388,1388,0.9892,0.9892
0.6,0.054,1373,1388,1388,0.9892,0.9892
0.6,0.052,1373,1388,1388,0.9892,0.9892
0.6,0.051,1373,1388,1388,0.9892,0.9892
0.6,0.055,1373,1388,1388,0.9892,0.9892
0.6,0.053,1373,1388,1388,0.9892,0.9892
0.6,0.056,1373,1388,1388,0.9892,0.9892
0.6,0.058,1373,1388,1388,0.9892,0.9892
0.6,0.057,1373,1388,1388,0.9892,0.9892
0.6,0.059,1373,1388,1388,0.9892,0.9892
0.6,0.06,1371,1388,1388,0.9878,0.9878
0.6,0.061,1371,1388,1388,0.9878,0.9878
0.6,0.062,1371,1388,1388,0.9878,0.9878
0.6,0.063,1371,1388,1388,0.9878,0.9878
0.6,0.064,1371,1388,1388,0.9878,0.9878
0.6,0.065,1371,1388,1388,0.9878,0.9878
0.6,0.066,1371,1388,1388,0.9878,0.9878
0.6,0.068,1371,1388,1388,0.9878,0.9878
0.6,0.069,1371,1388,1388,0.9878,0.9878
0.6,0.07,1364,1388,1388,0.9827,0.9827
0.6,0.067,1371,1388,1388,0.9878,0.9878
0.6,0.071,1364,1388,1388,0.9827,0.9827
0.6,0.072,1364,1388,1388,0.9827,0.9827
0.6,0.073,1364,1388,1388,0.9827,0.9827
0.6,0.074,1364,1388,1388,0.9827,0.9827
0.6,0.075,1364,1388,1388,0.9827,0.9827
0.6,0.076,1364,1388,1388,0.9827,0.9827
0.6,0.077,1364,1388,1388,0.9827,0.9827
0.6,0.078,1364,1388,1388,0.9827,0.9827
0.6,0.079,1364,1388,1388,0.9827,0.9827
0.6,0.08,1362,1388,1388,0.9813,0.9813
0.6,0.081,1362,1388,1388,0.9813,0.9813
0.6,0.082,1362,1388,1388,0.9813,0.9813
0.6,0.083,1362,1388,1388,0.9813,0.9813
0.6,0.084,1362,1388,1388,0.9813,0.9813
0.6,0.085,1362,1388,1388,0.9813,0.9813
0.6,0.086,1362,1388,1388,0.9813,0.9813
0.6,0.087,1362,1388,1388,0.9813,0.9813
0.6,0.088,1362,1388,1388,0.9813,0.9813
0.6,0.089,1362,1388,1388,0.9813,0.9813
0.6,0.09,1362,1388,1388,0.9813,0.9813
0.6,0.091,1362,1388,1388,0.9813,0.9813
0.6,0.092,1362,1388,1388,0.9813,0.9813
0.6,0.093,1362,1388,1388,0.9813,0.9813
0.6,0.094,1362,1388,1388,0.9813,0.9813
0.6,0.095,1362,1388,1388,0.9813,0.9813
0.6,0.096,1362,1388,1388,0.9813,0.9813
0.6,0.097,1362,1388,1388,0.9813,0.9813
0.6,0.099,1362,1388,1388,0.9813,0.9813
0.6,0.098,1362,1388,1388,0.9813,0.9813
0.6,0.102,1362,1388,1388,0.9813,0.9813
0.6,0.1,1362,1388,1388,0.9813,0.9813
0.6,0.101,1362,1388,1388,0.9813,0.9813
0.6,0.103,1362,1388,1388,0.9813,0.9813
0.6,0.104,1362,1388,1388,0.9813,0.9813
0.6,0.106,1362,1388,1388,0.9813,0.9813
0.6,0.105,1362,1388,1388,0.9813,0.9813
0.6,0.107,1362,1388,1388,0.9813,0.9813
0.6,0.108,1362,1388,1388,0.9813,0.9813
0.6,0.109,1362,1388,1388,0.9813,0.9813
0.6,0.11,1356,1388,1388,0.9769,0.9769
0.6,0.111,1356,1388,1388,0.9769,0.9769
0.6,0.112,1356,1388,1388,0.9769,0.9769
0.6,0.113,1356,1388,1388,0.9769,0.9769
0.6,0.115,1356,1388,1388,0.9769,0.9769
0.6,0.116,1356,1388,1388,0.9769,0.9769
0.6,0.117,1356,1388,1388,0.9769,0.9769
0.6,0.114,1356,1388,1388,0.9769,0.9769
0.6,0.118,1356,1388,1388,0.9769,0.9769
0.6,0.119,1356,1388,1388,0.9769,0.9769
0.6,0.12,1336,1388,1388,0.9625,0.9625
0.6,0.121,1336,1388,1388,0.9625,0.9625
0.6,0.122,1336,1388,1388,0.9625,0.9625
0.6,0.123,1336,1388,1388,0.9625,0.9625
0.6,0.124,1336,1388,1388,0.9625,0.9625
0.6,0.125,1336,1388,1388,0.9625,0.9625
0.6,0.126,1336,1388,1388,0.9625,0.9625
0.6,0.127,1336,1388,1388,0.9625,0.9625
0.6,0.128,1336,1388,1388,0.9625,0.9625
0.6,0.129,1336,1388,1388,0.9625,0.9625
0.6,0.13,1299,1388,1388,0.9359,0.9359
0.6,0.131,1299,1388,1388,0.9359,0.9359
0.6,0.133,1299,1388,1388,0.9359,0.9359
0.6,0.135,1299,1388,1388,0.9359,0.9359
0.6,0.132,1299,1388,1388,0.9359,0.9359
0.6,0.136,1299,1388,1388,0.9359,0.9359
0.6,0.134,1299,1388,1388,0.9359,0.9359
0.6,0.137,1299,1388,1388,0.9359,0.9359
0.6,0.138,1299,1388,1388,0.9359,0.9359
0.6,0.139,1299,1388,1388,0.9359,0.9359
0.6,0.141,1288,1388,1388,0.9280,0.9280
0.6,0.14,1288,1388,1388,0.9280,0.9280
0.6,0.142,1288,1388,1388,0.9280,0.9280
0.6,0.143,1288,1388,1388,0.9280,0.9280
0.6,0.144,1288,1388,1388,0.9280,0.9280
0.6,0.145,1288,1388,1388,0.9280,0.9280
0.6,0.146,1288,1388,1388,0.9280,0.9280
0.6,0.147,1288,1388,1388,0.9280,0.9280
0.6,0.148,1288,1388,1388,0.9280,0.9280
0.6,0.149,1288,1388,1388,0.9280,0.9280
0.6,0.153,1220,1388,1388,0.8790,0.8790
0.6,0.151,1220,1388,1388,0.8790,0.8790
0.6,0.15,1220,1388,1388,0.8790,0.8790
0.6,0.152,1220,1388,1388,0.8790,0.8790
0.6,0.154,1220,1388,1388,0.8790,0.8790
0.6,0.155,1220,1388,1388,0.8790,0.8790
0.6,0.157,1220,1388,1388,0.8790,0.8790
0.6,0.156,1220,1388,1388,0.8790,0.8790
0.6,0.158,1220,1388,1388,0.8790,0.8790
0.6,0.159,1220,1388,1388,0.8790,0.8790
0.6,0.16,1199,1388,1388,0.8638,0.8638
0.6,0.164,1199,1388,1388,0.8638,0.8638
0.6,0.161,1199,1388,1388,0.8638,0.8638
0.6,0.162,1199,1388,1388,0.8638,0.8638
0.6,0.165,1199,1388,1388,0.8638,0.8638
0.6,0.163,1199,1388,1388,0.8638,0.8638
0.6,0.166,1199,1388,1388,0.8638,0.8638
0.6,0.168,1199,1388,1388,0.8638,0.8638
0.6,0.167,1199,1388,1388,0.8638,0.8638
0.6,0.169,1199,1388,1388,0.8638,0.8638
0.6,0.17,1161,1388,1388,0.8365,0.8365
0.6,0.171,1161,1388,1388,0.8365,0.8365
0.6,0.172,1161,1388,1388,0.8365,0.8365
0.6,0.173,1161,1388,1388,0.8365,0.8365
0.6,0.174,1161,1388,1388,0.8365,0.8365
0.6,0.175,1161,1388,1388,0.8365,0.8365
0.6,0.176,1161,1388,1388,0.8365,0.8365
0.6,0.179,1161,1388,1388,0.8365,0.8365
0.6,0.178,1161,1388,1388,0.8365,0.8365
0.6,0.177,1161,1388,1388,0.8365,0.8365
0.6,0.18,1127,1388,1388,0.8120,0.8120
0.6,0.181,1127,1388,1388,0.8120,0.8120
0.6,0.182,1127,1388,1388,0.8120,0.8120
0.6,0.183,1127,1388,1388,0.8120,0.8120
0.6,0.184,1127,1388,1388,0.8120,0.8120
0.6,0.185,1127,1388,1388,0.8120,0.8120
0.6,0.186,1127,1388,1388,0.8120,0.8120
0.6,0.187,1127,1388,1388,0.8120,0.8120
0.6,0.188,1127,1388,1388,0.8120,0.8120
0.6,0.189,1127,1388,1388,0.8120,0.8120
0.6,0.19,1073,1388,1388,0.7731,0.7731
0.6,0.191,1073,1388,1388,0.7731,0.7731
0.6,0.192,1073,1388,1388,0.7731,0.7731
0.6,0.193,1073,1388,1388,0.7731,0.7731
0.6,0.194,1073,1388,1388,0.7731,0.7731
0.6,0.197,1073,1388,1388,0.7731,0.7731
0.6,0.195,1073,1388,1388,0.7731,0.7731
0.6,0.198,1073,1388,1388,0.7731,0.7731
0.6,0.196,1073,1388,1388,0.7731,0.7731
0.6,0.199,1073,1388,1388,0.7731,0.7731
0.6,0.2,1025,1388,1388,0.7385,0.7385
0.6,0.201,1025,1388,1388,0.7385,0.7385
0.6,0.202,1025,1388,1388,0.7385,0.7385
0.6,0.203,1025,1388,1388,0.7385,0.7385
0.6,0.205,1025,1388,1388,0.7385,0.7385
0.6,0.204,1025,1388,1388,0.7385,0.7385
0.6,0.206,1025,1388,1388,0.7385,0.7385
0.6,0.207,1025,1388,1388,0.7385,0.7385
0.6,0.208,1025,1388,1388,0.7385,0.7385
0.6,0.209,1025,1388,1388,0.7385,0.7385
0.6,0.21,981,1388,1388,0.7068,0.7068
0.6,0.211,981,1388,1388,0.7068,0.7068
0.6,0.213,981,1388,1388,0.7068,0.7068
0.6,0.212,981,1388,1388,0.7068,0.7068
0.6,0.214,981,1388,1388,0.7068,0.7068
0.6,0.215,981,1388,1388,0.7068,0.7068
0.6,0.216,981,1388,1388,0.7068,0.7068
0.6,0.217,981,1388,1388,0.7068,0.7068
0.6,0.218,981,1388,1388,0.7068,0.7068
0.6,0.219,981,1388,1388,0.7068,0.7068
0.6,0.22,939,1388,1388,0.6765,0.6765
0.6,0.221,939,1388,1388,0.6765,0.6765
0.6,0.222,939,1388,1388,0.6765,0.6765
0.6,0.223,939,1388,1388,0.6765,0.6765
0.6,0.224,939,1388,1388,0.6765,0.6765
0.6,0.226,939,1388,1388,0.6765,0.6765
0.6,0.225,939,1388,1388,0.6765,0.6765
0.6,0.227,939,1388,1388,0.6765,0.6765
0.6,0.228,939,1388,1388,0.6765,0.6765
0.6,0.229,939,1388,1388,0.6765,0.6765
0.6,0.23,890,1388,1388,0.6412,0.6412
0.6,0.231,890,1388,1388,0.6412,0.6412
0.6,0.233,890,1388,1388,0.6412,0.6412
0.6,0.232,890,1388,1388,0.6412,0.6412
0.6,0.234,890,1388,1388,0.6412,0.6412
0.6,0.236,890,1388,1388,0.6412,0.6412
0.6,0.237,890,1388,1388,0.6412,0.6412
0.6,0.235,890,1388,1388,0.6412,0.6412
0.6,0.238,890,1388,1388,0.6412,0.6412
0.6,0.24,838,1388,1388,0.6037,0.6037
0.6,0.239,890,1388,1388,0.6412,0.6412
0.6,0.241,838,1388,1388,0.6037,0.6037
0.6,0.242,838,1388,1388,0.6037,0.6037
0.6,0.244,838,1388,1388,0.6037,0.6037
0.6,0.243,838,1388,1388,0.6037,0.6037
0.6,0.245,838,1388,1388,0.6037,0.6037
0.6,0.246,838,1388,1388,0.6037,0.6037
0.6,0.247,838,1388,1388,0.6037,0.6037
0.6,0.248,838,1388,1388,0.6037,0.6037
0.6,0.249,838,1388,1388,0.6037,0.6037
0.6,0.25,792,1388,1388,0.5706,0.5706
0.6,0.251,792,1388,1388,0.5706,0.5706
0.6,0.252,792,1388,1388,0.5706,0.5706
0.6,0.253,792,1388,1388,0.5706,0.5706
0.6,0.254,792,1388,1388,0.5706,0.5706
0.6,0.255,792,1388,1388,0.5706,0.5706
0.6,0.256,792,1388,1388,0.5706,0.5706
0.6,0.258,792,1388,1388,0.5706,0.5706
0.6,0.257,792,1388,1388,0.5706,0.5706
0.6,0.259,792,1388,1388,0.5706,0.5706
0.6,0.26,746,1388,1388,0.5375,0.5375
0.6,0.261,746,1388,1388,0.5375,0.5375
0.6,0.263,746,1388,1388,0.5375,0.5375
0.6,0.262,746,1388,1388,0.5375,0.5375
0.6,0.264,746,1388,1388,0.5375,0.5375
0.6,0.265,746,1388,1388,0.5375,0.5375
0.6,0.266,746,1388,1388,0.5375,0.5375
0.6,0.267,746,1388,1388,0.5375,0.5375
0.6,0.268,746,1388,1388,0.5375,0.5375
0.6,0.269,746,1388,1388,0.5375,0.5375
0.6,0.27,691,1388,1388,0.4978,0.4978
0.6,0.271,691,1388,1388,0.4978,0.4978
0.6,0.274,691,1388,1388,0.4978,0.4978
0.6,0.273,691,1388,1388,0.4978,0.4978
0.6,0.272,691,1388,1388,0.4978,0.4978
0.6,0.275,691,1388,1388,0.4978,0.4978
0.6,0.276,691,1388,1388,0.4978,0.4978
0.6,0.277,691,1388,1388,0.4978,0.4978
0.6,0.278,691,1388,1388,0.4978,0.4978
0.6,0.279,691,1388,1388,0.4978,0.4978
0.6,0.28,647,1388,1388,0.4661,0.4661
0.6,0.281,647,1388,1388,0.4661,0.4661
0.6,0.282,647,1388,1388,0.4661,0.4661
0.6,0.283,647,1388,1388,0.4661,0.4661
0.6,0.284,647,1388,1388,0.4661,0.4661
0.6,0.285,647,1388,1388,0.4661,0.4661
0.6,0.287,647,1388,1388,0.4661,0.4661
0.6,0.286,647,1388,1388,0.4661,0.4661
0.6,0.291,608,1388,1388,0.4380,0.4380
0.6,0.288,647,1388,1388,0.4661,0.4661
0.6,0.289,647,1388,1388,0.4661,0.4661
0.6,0.292,608,1388,1388,0.4380,0.4380
0.6,0.29,608,1388,1388,0.4380,0.4380
0.6,0.293,608,1388,1388,0.4380,0.4380
0.6,0.295,608,1388,1388,0.4380,0.4380
0.6,0.294,608,1388,1388,0.4380,0.4380
0.6,0.296,608,1388,1388,0.4380,0.4380
0.6,0.297,608,1388,1388,0.4380,0.4380
0.6,0.298,608,1388,1388,0.4380,0.4380
0.6,0.299,608,1388,1388,0.4380,0.4380
0.6,0.3,568,1388,1388,0.4092,0.4092
0.6,0.301,568,1388,1388,0.4092,0.4092
0.6,0.302,568,1388,1388,0.4092,0.4092
0.6,0.303,568,1388,1388,0.4092,0.4092
0.6,0.304,568,1388,1388,0.4092,0.4092
0.6,0.305,568,1388,1388,0.4092,0.4092
0.6,0.307,568,1388,1388,0.4092,0.4092
0.6,0.306,568,1388,1388,0.4092,0.4092
0.6,0.308,568,1388,1388,0.4092,0.4092
0.6,0.309,568,1388,1388,0.4092,0.4092
0.6,0.311,539,1388,1388,0.3883,0.3883
0.6,0.31,539,1388,1388,0.3883,0.3883
0.6,0.312,539,1388,1388,0.3883,0.3883
0.6,0.313,539,1388,1388,0.3883,0.3883
0.6,0.314,539,1388,1388,0.3883,0.3883
0.6,0.315,539,1388,1388,0.3883,0.3883
0.6,0.316,539,1388,1388,0.3883,0.3883
0.6,0.317,539,1388,1388,0.3883,0.3883
0.6,0.318,539,1388,1388,0.3883,0.3883
0.6,0.319,539,1388,1388,0.3883,0.3883
0.6,0.321,509,1388,1388,0.3667,0.3667
0.6,0.323,509,1388,1388,0.3667,0.3667
0.6,0.32,509,1388,1388,0.3667,0.3667
0.6,0.322,509,1388,1388,0.3667,0.3667
0.6,0.324,509,1388,1388,0.3667,0.3667
0.6,0.325,509,1388,1388,0.3667,0.3667
0.6,0.327,509,1388,1388,0.3667,0.3667
0.6,0.326,509,1388,1388,0.3667,0.3667
0.6,0.328,509,1388,1388,0.3667,0.3667
0.6,0.329,509,1388,1388,0.3667,0.3667
0.6,0.33,484,1388,1388,0.3487,0.3487
0.6,0.331,484,1388,1388,0.3487,0.3487
0.6,0.332,484,1388,1388,0.3487,0.3487
0.6,0.333,484,1388,1388,0.3487,0.3487
0.6,0.334,484,1388,1388,0.3487,0.3487
0.6,0.336,484,1388,1388,0.3487,0.3487
0.6,0.335,484,1388,1388,0.3487,0.3487
0.6,0.339,484,1388,1388,0.3487,0.3487
0.6,0.338,484,1388,1388,0.3487,0.3487
0.6,0.337,484,1388,1388,0.3487,0.3487
0.6,0.343,476,1388,1388,0.3429,0.3429
0.6,0.341,476,1388,1388,0.3429,0.3429
0.6,0.342,476,1388,1388,0.3429,0.3429
0.6,0.34,476,1388,1388,0.3429,0.3429
0.6,0.344,476,1388,1388,0.3429,0.3429
0.6,0.345,476,1388,1388,0.3429,0.3429
0.6,0.346,476,1388,1388,0.3429,0.3429
0.6,0.347,476,1388,1388,0.3429,0.3429
0.6,0.348,476,1388,1388,0.3429,0.3429
0.6,0.349,476,1388,1388,0.3429,0.3429
0.6,0.35,446,1388,1388,0.3213,0.3213
0.6,0.351,446,1388,1388,0.3213,0.3213
0.6,0.353,446,1388,1388,0.3213,0.3213
0.6,0.354,446,1388,1388,0.3213,0.3213
0.6,0.352,446,1388,1388,0.3213,0.3213
0.6,0.355,446,1388,1388,0.3213,0.3213
0.6,0.358,446,1388,1388,0.3213,0.3213
0.6,0.356,446,1388,1388,0.3213,0.3213
0.6,0.357,446,1388,1388,0.3213,0.3213
0.6,0.359,446,1388,1388,0.3213,0.3213
0.6,0.36,412,1388,1388,0.2968,0.2968
0.6,0.361,412,1388,1388,0.2968,0.2968
0.6,0.362,412,1388,1388,0.2968,0.2968
0.6,0.363,412,1388,1388,0.2968,0.2968
0.6,0.364,412,1388,1388,0.2968,0.2968
0.6,0.366,412,1388,1388,0.2968,0.2968
0.6,0.365,412,1388,1388,0.2968,0.2968
0.6,0.367,412,1388,1388,0.2968,0.2968
0.6,0.369,412,1388,1388,0.2968,0.2968
0.6,0.368,412,1388,1388,0.2968,0.2968
0.6,0.371,383,1388,1388,0.2759,0.2759
0.6,0.37,383,1388,1388,0.2759,0.2759
0.6,0.373,383,1388,1388,0.2759,0.2759
0.6,0.372,383,1388,1388,0.2759,0.2759
0.6,0.374,383,1388,1388,0.2759,0.2759
0.6,0.375,383,1388,1388,0.2759,0.2759
0.6,0.376,383,1388,1388,0.2759,0.2759
0.6,0.377,383,1388,1388,0.2759,0.2759
0.6,0.378,383,1388,1388,0.2759,0.2759
0.6,0.38,359,1388,1388,0.2586,0.2586
0.6,0.379,383,1388,1388,0.2759,0.2759
0.6,0.381,359,1388,1388,0.2586,0.2586
0.6,0.382,359,1388,1388,0.2586,0.2586
0.6,0.384,359,1388,1388,0.2586,0.2586
0.6,0.386,359,1388,1388,0.2586,0.2586
0.6,0.385,359,1388,1388,0.2586,0.2586
0.6,0.383,359,1388,1388,0.2586,0.2586
0.6,0.387,359,1388,1388,0.2586,0.2586
0.6,0.388,359,1388,1388,0.2586,0.2586
0.6,0.39,350,1388,1388,0.2522,0.2522
0.6,0.389,359,1388,1388,0.2586,0.2586
0.6,0.392,350,1388,1388,0.2522,0.2522
0.6,0.391,350,1388,1388,0.2522,0.2522
0.6,0.393,350,1388,1388,0.2522,0.2522
0.6,0.394,350,1388,1388,0.2522,0.2522
0.6,0.395,350,1388,1388,0.2522,0.2522
0.6,0.396,350,1388,1388,0.2522,0.2522
0.6,0.397,350,1388,1388,0.2522,0.2522
0.6,0.398,350,1388,1388,0.2522,0.2522
0.6,0.4,337,1388,1388,0.2428,0.2428
0.6,0.399,350,1388,1388,0.2522,0.2522
0.6,0.401,337,1388,1388,0.2428,0.2428
0.6,0.402,337,1388,1388,0.2428,0.2428
0.6,0.405,337,1388,1388,0.2428,0.2428
0.6,0.404,337,1388,1388,0.2428,0.2428
0.6,0.406,337,1388,1388,0.2428,0.2428
0.6,0.403,337,1388,1388,0.2428,0.2428
0.6,0.407,337,1388,1388,0.2428,0.2428
0.6,0.408,337,1388,1388,0.2428,0.2428
0.6,0.409,337,1388,1388,0.2428,0.2428
0.6,0.41,321,1388,1388,0.2313,0.2313
0.6,0.413,321,1388,1388,0.2313,0.2313
0.6,0.411,321,1388,1388,0.2313,0.2313
0.6,0.412,321,1388,1388,0.2313,0.2313
0.6,0.414,321,1388,1388,0.2313,0.2313
0.6,0.418,321,1388,1388,0.2313,0.2313
0.6,0.417,321,1388,1388,0.2313,0.2313
0.6,0.416,321,1388,1388,0.2313,0.2313
0.6,0.415,321,1388,1388,0.2313,0.2313
0.6,0.42,302,1388,1388,0.2176,0.2176
0.6,0.419,321,1388,1388,0.2313,0.2313
0.6,0.421,302,1388,1388,0.2176,0.2176
0.6,0.422,302,1388,1388,0.2176,0.2176
0.6,0.423,302,1388,1388,0.2176,0.2176
0.6,0.424,302,1388,1388,0.2176,0.2176
0.6,0.425,302,1388,1388,0.2176,0.2176
0.6,0.426,302,1388,1388,0.2176,0.2176
0.6,0.427,302,1388,1388,0.2176,0.2176
0.6,0.428,302,1388,1388,0.2176,0.2176
0.6,0.429,302,1388,1388,0.2176,0.2176
0.6,0.431,291,1388,1388,0.2097,0.2097
0.6,0.433,291,1388,1388,0.2097,0.2097
0.6,0.43,291,1388,1388,0.2097,0.2097
0.6,0.432,291,1388,1388,0.2097,0.2097
0.6,0.434,291,1388,1388,0.2097,0.2097
0.6,0.435,291,1388,1388,0.2097,0.2097
0.6,0.436,291,1388,1388,0.2097,0.2097
0.6,0.437,291,1388,1388,0.2097,0.2097
0.6,0.439,291,1388,1388,0.2097,0.2097
0.6,0.438,291,1388,1388,0.2097,0.2097
0.6,0.441,275,1388,1388,0.1981,0.1981
0.6,0.44,275,1388,1388,0.1981,0.1981
0.6,0.442,275,1388,1388,0.1981,0.1981
0.6,0.443,275,1388,1388,0.1981,0.1981
0.6,0.444,275,1388,1388,0.1981,0.1981
0.6,0.445,275,1388,1388,0.1981,0.1981
0.6,0.446,275,1388,1388,0.1981,0.1981
0.6,0.449,275,1388,1388,0.1981,0.1981
0.6,0.447,275,1388,1388,0.1981,0.1981
0.6,0.448,275,1388,1388,0.1981,0.1981
0.6,0.45,267,1388,1388,0.1924,0.1924
0.6,0.451,267,1388,1388,0.1924,0.1924
0.6,0.452,267,1388,1388,0.1924,0.1924
0.6,0.453,267,1388,1388,0.1924,0.1924
0.6,0.454,267,1388,1388,0.1924,0.1924
0.6,0.455,267,1388,1388,0.1924,0.1924
0.6,0.456,267,1388,1388,0.1924,0.1924
0.6,0.457,267,1388,1388,0.1924,0.1924
0.6,0.458,267,1388,1388,0.1924,0.1924
0.6,0.459,267,1388,1388,0.1924,0.1924
0.6,0.46,261,1388,1388,0.1880,0.1880
0.6,0.461,261,1388,1388,0.1880,0.1880
0.6,0.464,261,1388,1388,0.1880,0.1880
0.6,0.462,261,1388,1388,0.1880,0.1880
0.6,0.463,261,1388,1388,0.1880,0.1880
0.6,0.465,261,1388,1388,0.1880,0.1880
0.6,0.467,261,1388,1388,0.1880,0.1880
0.6,0.466,261,1388,1388,0.1880,0.1880
0.6,0.468,261,1388,1388,0.1880,0.1880
0.6,0.469,261,1388,1388,0.1880,0.1880
0.6,0.47,257,1388,1388,0.1852,0.1852
0.6,0.472,257,1388,1388,0.1852,0.1852
0.6,0.471,257,1388,1388,0.1852,0.1852
0.6,0.474,257,1388,1388,0.1852,0.1852
0.6,0.473,257,1388,1388,0.1852,0.1852
0.6,0.475,257,1388,1388,0.1852,0.1852
0.6,0.478,257,1388,1388,0.1852,0.1852
0.6,0.48,237,1388,1388,0.1707,0.1707
0.6,0.479,257,1388,1388,0.1852,0.1852
0.6,0.476,257,1388,1388,0.1852,0.1852
0.6,0.477,257,1388,1388,0.1852,0.1852
0.6,0.482,237,1388,1388,0.1707,0.1707
0.6,0.483,237,1388,1388,0.1707,0.1707
0.6,0.484,237,1388,1388,0.1707,0.1707
0.6,0.481,237,1388,1388,0.1707,0.1707
0.6,0.485,237,1388,1388,0.1707,0.1707
0.6,0.486,237,1388,1388,0.1707,0.1707
0.6,0.487,237,1388,1388,0.1707,0.1707
0.6,0.489,237,1388,1388,0.1707,0.1707
0.6,0.488,237,1388,1388,0.1707,0.1707
0.6,0.49,226,1388,1388,0.1628,0.1628
0.6,0.491,226,1388,1388,0.1628,0.1628
0.6,0.492,226,1388,1388,0.1628,0.1628
0.6,0.493,226,1388,1388,0.1628,0.1628
0.6,0.494,226,1388,1388,0.1628,0.1628
0.6,0.496,226,1388,1388,0.1628,0.1628
0.6,0.495,226,1388,1388,0.1628,0.1628
0.6,0.498,226,1388,1388,0.1628,0.1628
0.6,0.497,226,1388,1388,0.1628,0.1628
0.6,0.499,226,1388,1388,0.1628,0.1628
0.6,0.501,219,1388,1388,0.1578,0.1578
0.6,0.502,219,1388,1388,0.1578,0.1578
0.6,0.5,219,1388,1388,0.1578,0.1578
0.6,0.503,219,1388,1388,0.1578,0.1578
0.6,0.504,219,1388,1388,0.1578,0.1578
0.6,0.505,219,1388,1388,0.1578,0.1578
0.6,0.506,219,1388,1388,0.1578,0.1578
0.6,0.507,219,1388,1388,0.1578,0.1578
0.6,0.508,219,1388,1388,0.1578,0.1578
0.6,0.51,211,1388,1388,0.1520,0.1520
0.6,0.513,211,1388,1388,0.1520,0.1520
0.6,0.509,219,1388,1388,0.1578,0.1578
0.6,0.514,211,1388,1388,0.1520,0.1520
0.6,0.511,211,1388,1388,0.1520,0.1520
0.6,0.512,211,1388,1388,0.1520,0.1520
0.6,0.515,211,1388,1388,0.1520,0.1520
0.6,0.516,211,1388,1388,0.1520,0.1520
0.6,0.517,211,1388,1388,0.1520,0.1520
0.6,0.518,211,1388,1388,0.1520,0.1520
0.6,0.519,211,1388,1388,0.1520,0.1520
0.6,0.52,203,1388,1388,0.1463,0.1463
0.6,0.521,203,1388,1388,0.1463,0.1463
0.6,0.523,203,1388,1388,0.1463,0.1463
0.6,0.522,203,1388,1388,0.1463,0.1463
0.6,0.524,203,1388,1388,0.1463,0.1463
0.6,0.526,203,1388,1388,0.1463,0.1463
0.6,0.528,203,1388,1388,0.1463,0.1463
0.6,0.525,203,1388,1388,0.1463,0.1463
0.6,0.527,203,1388,1388,0.1463,0.1463
0.6,0.531,197,1388,1388,0.1419,0.1419
0.6,0.529,203,1388,1388,0.1463,0.1463
0.6,0.532,197,1388,1388,0.1419,0.1419
0.6,0.53,197,1388,1388,0.1419,0.1419
0.6,0.533,197,1388,1388,0.1419,0.1419
0.6,0.534,197,1388,1388,0.1419,0.1419
0.6,0.535,197,1388,1388,0.1419,0.1419
0.6,0.536,197,1388,1388,0.1419,0.1419
0.6,0.537,197,1388,1388,0.1419,0.1419
0.6,0.538,197,1388,1388,0.1419,0.1419
0.6,0.539,197,1388,1388,0.1419,0.1419
0.6,0.54,192,1388,1388,0.1383,0.1383
0.6,0.542,192,1388,1388,0.1383,0.1383
0.6,0.541,192,1388,1388,0.1383,0.1383
0.6,0.543,192,1388,1388,0.1383,0.1383
0.6,0.544,192,1388,1388,0.1383,0.1383
0.6,0.545,192,1388,1388,0.1383,0.1383
0.6,0.547,192,1388,1388,0.1383,0.1383
0.6,0.549,192,1388,1388,0.1383,0.1383
0.6,0.546,192,1388,1388,0.1383,0.1383
0.6,0.548,192,1388,1388,0.1383,0.1383
0.6,0.55,186,1388,1388,0.1340,0.1340
0.6,0.551,186,1388,1388,0.1340,0.1340
0.6,0.552,186,1388,1388,0.1340,0.1340
0.6,0.553,186,1388,1388,0.1340,0.1340
0.6,0.554,186,1388,1388,0.1340,0.1340
0.6,0.555,186,1388,1388,0.1340,0.1340
0.6,0.556,186,1388,1388,0.1340,0.1340
0.6,0.558,186,1388,1388,0.1340,0.1340
0.6,0.557,186,1388,1388,0.1340,0.1340
0.6,0.56,183,1388,1388,0.1318,0.1318
0.6,0.559,186,1388,1388,0.1340,0.1340
0.6,0.561,183,1388,1388,0.1318,0.1318
0.6,0.562,183,1388,1388,0.1318,0.1318
0.6,0.563,183,1388,1388,0.1318,0.1318
0.6,0.564,183,1388,1388,0.1318,0.1318
0.6,0.565,183,1388,1388,0.1318,0.1318
0.6,0.566,183,1388,1388,0.1318,0.1318
0.6,0.567,183,1388,1388,0.1318,0.1318
0.6,0.568,183,1388,1388,0.1318,0.1318
0.6,0.57,179,1388,1388,0.1290,0.1290
0.6,0.569,183,1388,1388,0.1318,0.1318
0.6,0.572,179,1388,1388,0.1290,0.1290
0.6,0.571,179,1388,1388,0.1290,0.1290
0.6,0.575,179,1388,1388,0.1290,0.1290
0.6,0.573,179,1388,1388,0.1290,0.1290
0.6,0.574,179,1388,1388,0.1290,0.1290
0.6,0.576,179,1388,1388,0.1290,0.1290
0.6,0.577,179,1388,1388,0.1290,0.1290
0.6,0.578,179,1388,1388,0.1290,0.1290
0.6,0.579,179,1388,1388,0.1290,0.1290
0.6,0.58,175,1388,1388,0.1261,0.1261
0.6,0.581,175,1388,1388,0.1261,0.1261
0.6,0.582,175,1388,1388,0.1261,0.1261
0.6,0.583,175,1388,1388,0.1261,0.1261
0.6,0.584,175,1388,1388,0.1261,0.1261
0.6,0.585,175,1388,1388,0.1261,0.1261
0.6,0.586,175,1388,1388,0.1261,0.1261
0.6,0.587,175,1388,1388,0.1261,0.1261
0.6,0.588,175,1388,1388,0.1261,0.1261
0.6,0.59,171,1388,1388,0.1232,0.1232
0.6,0.589,175,1388,1388,0.1261,0.1261
0.6,0.591,171,1388,1388,0.1232,0.1232
0.6,0.592,171,1388,1388,0.1232,0.1232
0.6,0.593,171,1388,1388,0.1232,0.1232
0.6,0.594,171,1388,1388,0.1232,0.1232
0.6,0.595,171,1388,1388,0.1232,0.1232
0.6,0.596,171,1388,1388,0.1232,0.1232
0.6,0.597,171,1388,1388,0.1232,0.1232
0.6,0.598,171,1388,1388,0.1232,0.1232
0.6,0.599,171,1388,1388,0.1232,0.1232
0.6,0.601,170,1388,1388,0.1225,0.1225
0.6,0.6,170,1388,1388,0.1225,0.1225
0.6,0.602,170,1388,1388,0.1225,0.1225
0.6,0.603,170,1388,1388,0.1225,0.1225
0.6,0.604,170,1388,1388,0.1225,0.1225
0.6,0.605,170,1388,1388,0.1225,0.1225
0.6,0.606,170,1388,1388,0.1225,0.1225
0.6,0.607,170,1388,1388,0.1225,0.1225
0.6,0.608,170,1388,1388,0.1225,0.1225
0.6,0.609,170,1388,1388,0.1225,0.1225
0.6,0.61,163,1388,1388,0.1174,0.1174
0.6,0.611,163,1388,1388,0.1174,0.1174
0.6,0.612,163,1388,1388,0.1174,0.1174
0.6,0.613,163,1388,1388,0.1174,0.1174
0.6,0.614,163,1388,1388,0.1174,0.1174
0.6,0.615,163,1388,1388,0.1174,0.1174
0.6,0.616,163,1388,1388,0.1174,0.1174
0.6,0.617,163,1388,1388,0.1174,0.1174
0.6,0.619,163,1388,1388,0.1174,0.1174
0.6,0.618,163,1388,1388,0.1174,0.1174
0.6,0.621,159,1388,1388,0.1146,0.1146
0.6,0.62,159,1388,1388,0.1146,0.1146
0.6,0.622,159,1388,1388,0.1146,0.1146
0.6,0.623,159,1388,1388,0.1146,0.1146
0.6,0.625,159,1388,1388,0.1146,0.1146
0.6,0.624,159,1388,1388,0.1146,0.1146
0.6,0.626,159,1388,1388,0.1146,0.1146
0.6,0.627,159,1388,1388,0.1146,0.1146
0.6,0.628,159,1388,1388,0.1146,0.1146
0.6,0.629,159,1388,1388,0.1146,0.1146
0.6,0.63,151,1388,1388,0.1088,0.1088
0.6,0.631,151,1388,1388,0.1088,0.1088
0.6,0.632,151,1388,1388,0.1088,0.1088
0.6,0.633,151,1388,1388,0.1088,0.1088
0.6,0.634,151,1388,1388,0.1088,0.1088
0.6,0.635,151,1388,1388,0.1088,0.1088
0.6,0.636,151,1388,1388,0.1088,0.1088
0.6,0.639,151,1388,1388,0.1088,0.1088
0.6,0.638,151,1388,1388,0.1088,0.1088
0.6,0.64,145,1388,1388,0.1045,0.1045
0.6,0.642,145,1388,1388,0.1045,0.1045
0.6,0.641,145,1388,1388,0.1045,0.1045
0.6,0.637,151,1388,1388,0.1088,0.1088
0.6,0.643,145,1388,1388,0.1045,0.1045
0.6,0.644,145,1388,1388,0.1045,0.1045
0.6,0.645,145,1388,1388,0.1045,0.1045
0.6,0.646,145,1388,1388,0.1045,0.1045
0.6,0.647,145,1388,1388,0.1045,0.1045
0.6,0.648,145,1388,1388,0.1045,0.1045
0.6,0.649,145,1388,1388,0.1045,0.1045
0.6,0.65,142,1388,1388,0.1023,0.1023
0.6,0.652,142,1388,1388,0.1023,0.1023
0.6,0.651,142,1388,1388,0.1023,0.1023
0.6,0.653,142,1388,1388,0.1023,0.1023
0.6,0.655,142,1388,1388,0.1023,0.1023
0.6,0.656,142,1388,1388,0.1023,0.1023
0.6,0.654,142,1388,1388,0.1023,0.1023
0.6,0.659,142,1388,1388,0.1023,0.1023
0.6,0.658,142,1388,1388,0.1023,0.1023
0.6,0.657,142,1388,1388,0.1023,0.1023
0.6,0.66,140,1388,1388,0.1009,0.1009
0.6,0.661,140,1388,1388,0.1009,0.1009
0.6,0.662,140,1388,1388,0.1009,0.1009
0.6,0.664,140,1388,1388,0.1009,0.1009
0.6,0.663,140,1388,1388,0.1009,0.1009
0.6,0.665,140,1388,1388,0.1009,0.1009
0.6,0.666,140,1388,1388,0.1009,0.1009
0.6,0.667,140,1388,1388,0.1009,0.1009
0.6,0.668,140,1388,1388,0.1009,0.1009
0.6,0.669,140,1388,1388,0.1009,0.1009
0.6,0.67,138,1388,1388,0.0994,0.0994
0.6,0.671,138,1388,1388,0.0994,0.0994
0.6,0.673,138,1388,1388,0.0994,0.0994
0.6,0.672,138,1388,1388,0.0994,0.0994
0.6,0.674,138,1388,1388,0.0994,0.0994
0.6,0.675,138,1388,1388,0.0994,0.0994
0.6,0.676,138,1388,1388,0.0994,0.0994
0.6,0.677,138,1388,1388,0.0994,0.0994
0.6,0.679,138,1388,1388,0.0994,0.0994
0.6,0.678,138,1388,1388,0.0994,0.0994
0.6,0.68,135,1388,1388,0.0973,0.0973
0.6,0.681,135,1388,1388,0.0973,0.0973
0.6,0.682,135,1388,1388,0.0973,0.0973
0.6,0.683,135,1388,1388,0.0973,0.0973
0.6,0.685,135,1388,1388,0.0973,0.0973
0.6,0.686,135,1388,1388,0.0973,0.0973
0.6,0.684,135,1388,1388,0.0973,0.0973
0.6,0.687,135,1388,1388,0.0973,0.0973
0.6,0.688,135,1388,1388,0.0973,0.0973
0.6,0.689,135,1388,1388,0.0973,0.0973
0.6,0.691,129,1388,1388,0.0929,0.0929
0.6,0.69,129,1388,1388,0.0929,0.0929
0.6,0.694,129,1388,1388,0.0929,0.0929
0.6,0.692,129,1388,1388,0.0929,0.0929
0.6,0.693,129,1388,1388,0.0929,0.0929
0.6,0.696,129,1388,1388,0.0929,0.0929
0.6,0.695,129,1388,1388,0.0929,0.0929
0.6,0.697,129,1388,1388,0.0929,0.0929
0.6,0.698,129,1388,1388,0.0929,0.0929
0.6,0.699,129,1388,1388,0.0929,0.0929
0.6,0.7,129,1388,1388,0.0929,0.0929
0.6,0.701,129,1388,1388,0.0929,0.0929
0.6,0.703,129,1388,1388,0.0929,0.0929
0.6,0.704,129,1388,1388,0.0929,0.0929
0.6,0.702,129,1388,1388,0.0929,0.0929
0.6,0.705,129,1388,1388,0.0929,0.0929
0.6,0.706,129,1388,1388,0.0929,0.0929
0.6,0.707,129,1388,1388,0.0929,0.0929
0.6,0.708,129,1388,1388,0.0929,0.0929
0.6,0.71,124,1388,1388,0.0893,0.0893
0.6,0.709,129,1388,1388,0.0929,0.0929
0.6,0.711,124,1388,1388,0.0893,0.0893
0.6,0.712,124,1388,1388,0.0893,0.0893
0.6,0.713,124,1388,1388,0.0893,0.0893
0.6,0.714,124,1388,1388,0.0893,0.0893
0.6,0.715,124,1388,1388,0.0893,0.0893
0.6,0.716,124,1388,1388,0.0893,0.0893
0.6,0.717,124,1388,1388,0.0893,0.0893
0.6,0.718,124,1388,1388,0.0893,0.0893
0.6,0.719,124,1388,1388,0.0893,0.0893
0.6,0.721,122,1388,1388,0.0879,0.0879
0.6,0.722,122,1388,1388,0.0879,0.0879
0.6,0.72,122,1388,1388,0.0879,0.0879
0.6,0.724,122,1388,1388,0.0879,0.0879
0.6,0.723,122,1388,1388,0.0879,0.0879
0.6,0.727,122,1388,1388,0.0879,0.0879
0.6,0.726,122,1388,1388,0.0879,0.0879
0.6,0.725,122,1388,1388,0.0879,0.0879
0.6,0.728,122,1388,1388,0.0879,0.0879
0.6,0.729,122,1388,1388,0.0879,0.0879
0.6,0.73,120,1388,1388,0.0865,0.0865
0.6,0.732,120,1388,1388,0.0865,0.0865
0.6,0.731,120,1388,1388,0.0865,0.0865
0.6,0.733,120,1388,1388,0.0865,0.0865
0.6,0.734,120,1388,1388,0.0865,0.0865
0.6,0.735,120,1388,1388,0.0865,0.0865
0.6,0.736,120,1388,1388,0.0865,0.0865
0.6,0.737,120,1388,1388,0.0865,0.0865
0.6,0.738,120,1388,1388,0.0865,0.0865
0.6,0.739,120,1388,1388,0.0865,0.0865
0.6,0.74,120,1388,1388,0.0865,0.0865
0.6,0.741,120,1388,1388,0.0865,0.0865
0.6,0.742,120,1388,1388,0.0865,0.0865
0.6,0.743,120,1388,1388,0.0865,0.0865
0.6,0.745,120,1388,1388,0.0865,0.0865
0.6,0.744,120,1388,1388,0.0865,0.0865
0.6,0.746,120,1388,1388,0.0865,0.0865
0.6,0.748,120,1388,1388,0.0865,0.0865
0.6,0.747,120,1388,1388,0.0865,0.0865
0.6,0.749,120,1388,1388,0.0865,0.0865
0.6,0.751,119,1388,1388,0.0857,0.0857
0.6,0.75,119,1388,1388,0.0857,0.0857
0.6,0.752,119,1388,1388,0.0857,0.0857
0.6,0.753,119,1388,1388,0.0857,0.0857
0.6,0.754,119,1388,1388,0.0857,0.0857
0.6,0.755,119,1388,1388,0.0857,0.0857
0.6,0.757,119,1388,1388,0.0857,0.0857
0.6,0.756,119,1388,1388,0.0857,0.0857
0.6,0.758,119,1388,1388,0.0857,0.0857
0.6,0.76,118,1388,1388,0.0850,0.0850
0.6,0.762,118,1388,1388,0.0850,0.0850
0.6,0.759,119,1388,1388,0.0857,0.0857
0.6,0.761,118,1388,1388,0.0850,0.0850
0.6,0.763,118,1388,1388,0.0850,0.0850
0.6,0.764,118,1388,1388,0.0850,0.0850
0.6,0.766,118,1388,1388,0.0850,0.0850
0.6,0.768,118,1388,1388,0.0850,0.0850
0.6,0.765,118,1388,1388,0.0850,0.0850
0.6,0.769,118,1388,1388,0.0850,0.0850
0.6,0.767,118,1388,1388,0.0850,0.0850
0.6,0.771,118,1388,1388,0.0850,0.0850
0.6,0.77,118,1388,1388,0.0850,0.0850
0.6,0.772,118,1388,1388,0.0850,0.0850
0.6,0.773,118,1388,1388,0.0850,0.0850
0.6,0.776,118,1388,1388,0.0850,0.0850
0.6,0.775,118,1388,1388,0.0850,0.0850
0.6,0.778,118,1388,1388,0.0850,0.0850
0.6,0.774,118,1388,1388,0.0850,0.0850
0.6,0.777,118,1388,1388,0.0850,0.0850
0.6,0.779,118,1388,1388,0.0850,0.0850
0.6,0.78,116,1388,1388,0.0836,0.0836
0.6,0.781,116,1388,1388,0.0836,0.0836
0.6,0.782,116,1388,1388,0.0836,0.0836
0.6,0.784,116,1388,1388,0.0836,0.0836
0.6,0.783,116,1388,1388,0.0836,0.0836
0.6,0.785,116,1388,1388,0.0836,0.0836
0.6,0.786,116,1388,1388,0.0836,0.0836
0.6,0.787,116,1388,1388,0.0836,0.0836
0.6,0.788,116,1388,1388,0.0836,0.0836
0.6,0.789,116,1388,1388,0.0836,0.0836
0.6,0.79,115,1388,1388,0.0829,0.0829
0.6,0.791,115,1388,1388,0.0829,0.0829
0.6,0.793,115,1388,1388,0.0829,0.0829
0.6,0.792,115,1388,1388,0.0829,0.0829
0.6,0.794,115,1388,1388,0.0829,0.0829
0.6,0.795,115,1388,1388,0.0829,0.0829
0.6,0.796,115,1388,1388,0.0829,0.0829
0.6,0.797,115,1388,1388,0.0829,0.0829
0.6,0.798,115,1388,1388,0.0829,0.0829
0.6,0.799,115,1388,1388,0.0829,0.0829
0.6,0.8,113,1388,1388,0.0814,0.0814
0.6,0.801,113,1388,1388,0.0814,0.0814
0.6,0.802,113,1388,1388,0.0814,0.0814
0.6,0.803,113,1388,1388,0.0814,0.0814
0.6,0.804,113,1388,1388,0.0814,0.0814
0.6,0.806,113,1388,1388,0.0814,0.0814
0.6,0.807,113,1388,1388,0.0814,0.0814
0.6,0.805,113,1388,1388,0.0814,0.0814
0.6,0.808,113,1388,1388,0.0814,0.0814
0.6,0.809,113,1388,1388,0.0814,0.0814
0.6,0.81,112,1388,1388,0.0807,0.0807
0.6,0.811,112,1388,1388,0.0807,0.0807
0.6,0.812,112,1388,1388,0.0807,0.0807
0.6,0.813,112,1388,1388,0.0807,0.0807
0.6,0.814,112,1388,1388,0.0807,0.0807
0.6,0.815,112,1388,1388,0.0807,0.0807
0.6,0.818,112,1388,1388,0.0807,0.0807
0.6,0.816,112,1388,1388,0.0807,0.0807
0.6,0.817,112,1388,1388,0.0807,0.0807
0.6,0.82,111,1388,1388,0.0800,0.0800
0.6,0.819,112,1388,1388,0.0807,0.0807
0.6,0.821,111,1388,1388,0.0800,0.0800
0.6,0.822,111,1388,1388,0.0800,0.0800
0.6,0.823,111,1388,1388,0.0800,0.0800
0.6,0.824,111,1388,1388,0.0800,0.0800
0.6,0.825,111,1388,1388,0.0800,0.0800
0.6,0.826,111,1388,1388,0.0800,0.0800
0.6,0.827,111,1388,1388,0.0800,0.0800
0.6,0.828,111,1388,1388,0.0800,0.0800
0.6,0.83,107,1388,1388,0.0771,0.0771
0.6,0.831,107,1388,1388,0.0771,0.0771
0.6,0.829,111,1388,1388,0.0800,0.0800
0.6,0.832,107,1388,1388,0.0771,0.0771
0.6,0.833,107,1388,1388,0.0771,0.0771
0.6,0.834,107,1388,1388,0.0771,0.0771
0.6,0.835,107,1388,1388,0.0771,0.0771
0.6,0.836,107,1388,1388,0.0771,0.0771
0.6,0.837,107,1388,1388,0.0771,0.0771
0.6,0.838,107,1388,1388,0.0771,0.0771
0.6,0.839,107,1388,1388,0.0771,0.0771
0.6,0.84,100,1388,1388,0.0720,0.0720
0.6,0.841,100,1388,1388,0.0720,0.0720
0.6,0.842,100,1388,1388,0.0720,0.0720
0.6,0.843,100,1388,1388,0.0720,0.0720
0.6,0.845,100,1388,1388,0.0720,0.0720
0.6,0.844,100,1388,1388,0.0720,0.0720
0.6,0.846,100,1388,1388,0.0720,0.0720
0.6,0.847,100,1388,1388,0.0720,0.0720
0.6,0.848,100,1388,1388,0.0720,0.0720
0.6,0.849,100,1388,1388,0.0720,0.0720
0.6,0.85,94,1388,1388,0.0677,0.0677
0.6,0.851,94,1388,1388,0.0677,0.0677
0.6,0.853,94,1388,1388,0.0677,0.0677
0.6,0.852,94,1388,1388,0.0677,0.0677
0.6,0.854,94,1388,1388,0.0677,0.0677
0.6,0.855,94,1388,1388,0.0677,0.0677
0.6,0.857,94,1388,1388,0.0677,0.0677
0.6,0.856,94,1388,1388,0.0677,0.0677
0.6,0.858,94,1388,1388,0.0677,0.0677
0.6,0.859,94,1388,1388,0.0677,0.0677
0.6,0.86,92,1388,1388,0.0663,0.0663
0.6,0.861,92,1388,1388,0.0663,0.0663
0.6,0.862,92,1388,1388,0.0663,0.0663
0.6,0.863,92,1388,1388,0.0663,0.0663
0.6,0.864,92,1388,1388,0.0663,0.0663
0.6,0.865,92,1388,1388,0.0663,0.0663
0.6,0.866,92,1388,1388,0.0663,0.0663
0.6,0.867,92,1388,1388,0.0663,0.0663
0.6,0.868,92,1388,1388,0.0663,0.0663
0.6,0.869,92,1388,1388,0.0663,0.0663
0.6,0.87,89,1388,1388,0.0641,0.0641
0.6,0.871,89,1388,1388,0.0641,0.0641
0.6,0.872,89,1388,1388,0.0641,0.0641
0.6,0.875,89,1388,1388,0.0641,0.0641
0.6,0.874,89,1388,1388,0.0641,0.0641
0.6,0.873,89,1388,1388,0.0641,0.0641
0.6,0.876,89,1388,1388,0.0641,0.0641
0.6,0.877,89,1388,1388,0.0641,0.0641
0.6,0.878,89,1388,1388,0.0641,0.0641
0.6,0.88,88,1388,1388,0.0634,0.0634
0.6,0.879,89,1388,1388,0.0641,0.0641
0.6,0.881,88,1388,1388,0.0634,0.0634
0.6,0.882,88,1388,1388,0.0634,0.0634
0.6,0.883,88,1388,1388,0.0634,0.0634
0.6,0.884,88,1388,1388,0.0634,0.0634
0.6,0.885,88,1388,1388,0.0634,0.0634
0.6,0.886,88,1388,1388,0.0634,0.0634
0.6,0.889,88,1388,1388,0.0634,0.0634
0.6,0.887,88,1388,1388,0.0634,0.0634
0.6,0.888,88,1388,1388,0.0634,0.0634
0.6,0.892,83,1388,1388,0.0598,0.0598
0.6,0.89,83,1388,1388,0.0598,0.0598
0.6,0.891,83,1388,1388,0.0598,0.0598
0.6,0.893,83,1388,1388,0.0598,0.0598
0.6,0.894,83,1388,1388,0.0598,0.0598
0.6,0.895,83,1388,1388,0.0598,0.0598
0.6,0.896,83,1388,1388,0.0598,0.0598
0.6,0.897,83,1388,1388,0.0598,0.0598
0.6,0.898,83,1388,1388,0.0598,0.0598
0.6,0.899,83,1388,1388,0.0598,0.0598
0.6,0.9,81,1388,1388,0.0584,0.0584
0.6,0.902,81,1388,1388,0.0584,0.0584
0.6,0.901,81,1388,1388,0.0584,0.0584
0.6,0.903,81,1388,1388,0.0584,0.0584
0.6,0.906,81,1388,1388,0.0584,0.0584
0.6,0.904,81,1388,1388,0.0584,0.0584
0.6,0.909,81,1388,1388,0.0584,0.0584
0.6,0.905,81,1388,1388,0.0584,0.0584
0.6,0.911,74,1388,1388,0.0533,0.0533
0.6,0.91,74,1388,1388,0.0533,0.0533
0.6,0.907,81,1388,1388,0.0584,0.0584
0.6,0.908,81,1388,1388,0.0584,0.0584
0.6,0.912,74,1388,1388,0.0533,0.0533
0.6,0.913,74,1388,1388,0.0533,0.0533
0.6,0.914,74,1388,1388,0.0533,0.0533
0.6,0.916,74,1388,1388,0.0533,0.0533
0.6,0.915,74,1388,1388,0.0533,0.0533
0.6,0.917,74,1388,1388,0.0533,0.0533
0.6,0.918,74,1388,1388,0.0533,0.0533
0.6,0.919,74,1388,1388,0.0533,0.0533
0.6,0.92,73,1388,1388,0.0526,0.0526
0.6,0.922,73,1388,1388,0.0526,0.0526
0.6,0.924,73,1388,1388,0.0526,0.0526
0.6,0.925,73,1388,1388,0.0526,0.0526
0.6,0.921,73,1388,1388,0.0526,0.0526
0.6,0.923,73,1388,1388,0.0526,0.0526
0.6,0.928,73,1388,1388,0.0526,0.0526
0.6,0.926,73,1388,1388,0.0526,0.0526
0.6,0.927,73,1388,1388,0.0526,0.0526
0.6,0.929,73,1388,1388,0.0526,0.0526
0.6,0.93,73,1388,1388,0.0526,0.0526
0.6,0.931,73,1388,1388,0.0526,0.0526
0.6,0.932,73,1388,1388,0.0526,0.0526
0.6,0.933,73,1388,1388,0.0526,0.0526
0.6,0.934,73,1388,1388,0.0526,0.0526
0.6,0.935,73,1388,1388,0.0526,0.0526
0.6,0.938,73,1388,1388,0.0526,0.0526
0.6,0.937,73,1388,1388,0.0526,0.0526
0.6,0.936,73,1388,1388,0.0526,0.0526
0.6,0.939,73,1388,1388,0.0526,0.0526
0.6,0.941,73,1388,1388,0.0526,0.0526
0.6,0.942,73,1388,1388,0.0526,0.0526
0.6,0.94,73,1388,1388,0.0526,0.0526
0.6,0.943,73,1388,1388,0.0526,0.0526
0.6,0.944,73,1388,1388,0.0526,0.0526
0.6,0.945,73,1388,1388,0.0526,0.0526
0.6,0.946,73,1388,1388,0.0526,0.0526
0.6,0.947,73,1388,1388,0.0526,0.0526
0.6,0.948,73,1388,1388,0.0526,0.0526
0.6,0.949,73,1388,1388,0.0526,0.0526
0.6,0.951,73,1388,1388,0.0526,0.0526
0.6,0.95,73,1388,1388,0.0526,0.0526
0.6,0.952,73,1388,1388,0.0526,0.0526
0.6,0.953,73,1388,1388,0.0526,0.0526
0.6,0.957,73,1388,1388,0.0526,0.0526
0.6,0.954,73,1388,1388,0.0526,0.0526
0.6,0.956,73,1388,1388,0.0526,0.0526
0.6,0.955,73,1388,1388,0.0526,0.0526
0.6,0.958,73,1388,1388,0.0526,0.0526
0.6,0.959,73,1388,1388,0.0526,0.0526
0.6,0.96,73,1388,1388,0.0526,0.0526
0.6,0.961,73,1388,1388,0.0526,0.0526
0.6,0.962,73,1388,1388,0.0526,0.0526
0.6,0.963,73,1388,1388,0.0526,0.0526
0.6,0.964,73,1388,1388,0.0526,0.0526
0.6,0.965,73,1388,1388,0.0526,0.0526
0.6,0.966,73,1388,1388,0.0526,0.0526
0.6,0.967,73,1388,1388,0.0526,0.0526
0.6,0.968,73,1388,1388,0.0526,0.0526
0.6,0.969,73,1388,1388,0.0526,0.0526
0.6,0.97,71,1388,1388,0.0512,0.0512
0.6,0.971,71,1388,1388,0.0512,0.0512
0.6,0.972,71,1388,1388,0.0512,0.0512
0.6,0.973,71,1388,1388,0.0512,0.0512
0.6,0.975,71,1388,1388,0.0512,0.0512
0.6,0.974,71,1388,1388,0.0512,0.0512
0.6,0.976,71,1388,1388,0.0512,0.0512
0.6,0.977,71,1388,1388,0.0512,0.0512
0.6,0.978,71,1388,1388,0.0512,0.0512
0.6,0.979,71,1388,1388,0.0512,0.0512
0.6,0.98,64,1388,1388,0.0461,0.0461
0.6,0.981,64,1388,1388,0.0461,0.0461
0.6,0.982,64,1388,1388,0.0461,0.0461
0.6,0.984,64,1388,1388,0.0461,0.0461
0.6,0.983,64,1388,1388,0.0461,0.0461
0.6,0.985,64,1388,1388,0.0461,0.0461
0.6,0.986,64,1388,1388,0.0461,0.0461
0.6,0.987,64,1388,1388,0.0461,0.0461
0.6,0.989,64,1388,1388,0.0461,0.0461
0.6,0.988,64,1388,1388,0.0461,0.0461
0.6,0.99,52,1388,1388,0.0375,0.0375
0.6,0.992,52,1388,1388,0.0375,0.0375
0.6,0.991,52,1388,1388,0.0375,0.0375
0.6,0.993,52,1388,1388,0.0375,0.0375
0.6,0.994,52,1388,1388,0.0375,0.0375
0.6,0.995,52,1388,1388,0.0375,0.0375
0.6,0.996,52,1388,1388,0.0375,0.0375
0.6,0.997,52,1388,1388,0.0375,0.0375
0.6,0.998,52,1388,1388,0.0375,0.0375
0.6,0.999,52,1388,1388,0.0375,0.0375
0.6,0.2,1025,1388,1388,0.7385,0.7385
0.6,0.0,1388,1388,1388,1.0000,1.0000
0.6,0.6,170,1388,1388,0.1225,0.1225
0.6,0.3,568,1388,1388,0.4092,0.4092
0.6,0.4,337,1388,1388,0.2428,0.2428
0.6,0.6,170,1388,1388,0.1225,0.1225
0.6,0.3,568,1388,1388,0.4092,0.4092
0.6,0.9,81,1388,1388,0.0584,0.0584
0.6,0.7,129,1388,1388,0.0929,0.0929
0.6,0.8,113,1388,1388,0.0814,0.0814
0.6,0.5,219,1388,1388,0.1578,0.1578
0.6,0.0,1388,1388,1388,1.0000,1.0000
0.6,0.1,1362,1388,1388,0.9813,0.9813
0.6,0.2,1025,1388,1388,0.7385,0.7385
0.6,0.4,337,1388,1388,0.2428,0.2428
0.6,0.1,1362,1388,1388,0.9813,0.9813
0.6,0.3,568,1388,1388,0.4092,0.4092
0.6,0.8,113,1388,1388,0.0814,0.0814
0.6,0.9,81,1388,1388,0.0584,0.0584
0.6,0.2,1025,1388,1388,0.7385,0.7385
0.6,0.5,219,1388,1388,0.1578,0.1578
0.6,0.0,1388,1388,1388,1.0000,1.0000
0.6,0.6,170,1388,1388,0.1225,0.1225
0.6,0.7,129,1388,1388,0.0929,0.0929
0.6,0.4,337,1388,1388,0.2428,0.2428
0.6,0.5,219,1388,1388,0.1578,0.1578
0.6,0.7,129,1388,1388,0.0929,0.0929
0.6,0.2,1025,1388,1388,0.7385,0.73850.6,0.1,1362,1388,1388,0.9813,0.9813
0.6,0.1,1362,1388,1388,0.9813,0.9813
0.6,0.8,113,1388,1388,0.0814,0.0814
0.6,0.0,1388,1388,1388,1.0000,1.0000
0.6,0.6,170,1388,1388,0.1225,0.1225
0.6,0.9,81,1388,1388,0.0584,0.0584
0.6,0.4,337,1388,1388,0.2428,0.2428
0.6,0.7,129,1388,1388,0.0929,0.0929
0.6,0.2,1025,1388,1388,0.7385,0.7385
0.6,0.5,219,1388,1388,0.1578,0.1578
0.6,0.3,568,1388,1388,0.4092,0.4092
